height,FG3_attempted_by_minutes,blocks_by_minutes,position,height2,height3,FG3_attempted_by_minutes_1,FG3_attempted_by_minutes_2,FG3_attempted_by_minutes_3,blocks_by_minutes_1,blocks_by_minutes_2,blocks_by_minutes_3,position2
203,"0,09782608696","0,003623188406",Small Forward,"0,625",0.62500000,0.09782609,"0,3178307123",0.31783071,0.00362319,"0,0394845191",0.03948452,2
196,"0,1362847222","0,009548611111",Shooting Guard,"0,45",0.45000000,0.13628472,"0,4427803634",0.44278036,0.00954861,"0,1040581597",0.10405816,1
208,"0,009039548023","0,02146892655",Center,"0,75",0.75000000,0.00903955,"0,02936891453",0.02936891,0.02146893,"0,2339625064",0.23396251,4
211,"0,01061571125","0,007430997877",Power Forward,"0,825",0.82500000,0.01061571,"0,03448976825",0.03448977,0.00743100,"0,08098098822",0.08098099,3
198,"0,1078858249","0,00290275762",Point Guard,"0,5",0.50000000,0.10788582,"0,3505141588",0.35051416,0.00290276,"0,03163346088",0.03163346,0
202,"0,106029106","0,004851004851",Small Forward,"0,6",0.60000000,0.10602911,"0,3444817976",0.34448180,0.00485100,"0,05286492786",0.05286493,2
198,"0,1338842975","0,001652892562",Small Forward,"0,5",0.50000000,0.13388430,"0,4349815367",0.43498154,0.00165289,"0,01801277235",0.01801277,2
191,"0,1933054393","0,002510460251",Point Guard,"0,325",0.32500000,0.19330544,"0,6280370336",0.62803703,0.00251046,"0,02735831114",0.02735831,0
208,"0,1698301698","0,01798201798",Power Forward,"0,75",0.75000000,0.16983017,"0,5517673814",0.55176738,0.01798202,"0,1959631278",0.19596313,3
198,"0,2538513061","0,01004688547",Shooting Guard,"0,5",0.50000000,0.25385131,"0,8247466902",0.82474669,0.01004689,"0,1094882178",0.10948822,1
198,"0,2082695253","0,01378254211",Shooting Guard,"0,5",0.50000000,0.20826953,"0,6766543939",0.67665439,0.01378254,"0,150198385",0.15019839,1
193,"0,2236842105","0,01012145749",Shooting Guard,"0,375",0.37500000,0.22368421,"0,7267357222",0.72673572,0.01012146,"0,1103008833",0.11030088,1
203,"0,1183836084","0,03414911781",Small Forward,"0,625",0.62500000,0.11838361,"0,3846207873",0.38462079,0.03414912,"0,3721477725",0.37214777,2
195,"0,1082251082","0,0007215007215",Shooting Guard,"0,425",0.42500000,0.10822511,"0,3516164685",0.35161647,0.00072150,"0,00786271809",0.00786272,1
201,"0,176980198","0,007425742574",Power Forward,"0,575",0.57500000,0.17698020,"0,5749973667",0.57499737,0.00742574,"0,08092371737",0.08092372,3
185,"0,23934181","0,002243829469",Point Guard,"0,175",0.17500000,0.23934181,"0,7776062635",0.77760626,0.00224383,"0,0244526416",0.02445264,0
211,"0,003813155386","0,02287893232",Power Forward,"0,825",0.82500000,0.00381316,"0,01238869846",0.01238870,0.02287893,"0,2493283647",0.24932836,3
180,"0,1682080925","0,001156069364",Point Guard,"0,05",0.05000000,0.16820809,"0,5464973558",0.54649736,0.00115607,"0,01259852864",0.01259853,0
195,"0,1358439812","0,001344989913",Point Guard,"0,425",0.42500000,0.13584398,"0,441348424",0.44134842,0.00134499,"0,01465733326",0.01465733,0
197,"0,1259541985","0,01374045802",Small forward,"0,475",0.47500000,0.12595420,"0,4092171513",0.40921715,0.01374046,"0,1497397641",0.14973976,2
188,"0,2887218045","0,001503759398",Point Guard,"0,25",0.25000000,0.28872180,"0,9380387137",0.93803871,0.00150376,"0,0163875598",0.01638756,0
206,"0,08635703919","0,008708272859",Power Forward,"0,7",0.70000000,0.08635704,"0,2805685082",0.28056851,0.00870827,"0,09490038263",0.09490038,3
201,0,"0,02585034014",Power Forward,"0,575",0.57500000,0.00000000,0,0.00000000,0.02585034,"0,2817099567",0.28170996,3
188,"0,1771561772","0,02097902098",Shooting Guard,"0,25",0.25000000,0.17715618,"0,5755691119",0.57556911,0.02097902,"0,2286236491",0.22862365,1
193,"0,1355311355","0,002442002442",Shooting Guard,"0,375",0.37500000,0.13553114,"0,4403320083",0.44033201,0.00244200,"0,02661227661",0.02661228,1
205,"0,0731511254","0,002411575563",Power Forward,"0,675",0.67500000,0.07315113,"0,2376633372",0.23766334,0.00241158,"0,02628069278",0.02628069,3
190,"0,1339712919","0,001367053999",Point Guard,"0,3",0.30000000,0.13397129,"0,435264176",0.43526418,0.00136705,"0,01489778165",0.01489778,0
208,"0,08568824066","0,009115770283",Power Forward,"0,75",0.75000000,0.08568824,"0,2783956244",0.27839562,0.00911577,"0,09934117842",0.09934118,3
198,"0,2135826772","0,00688976378",Shooting Guard,"0,5",0.50000000,0.21358268,"0,6939164853",0.69391649,0.00688976,"0,07508276664",0.07508277,1
208,"0,1994933502","0,02089930336",Power Forward,"0,75",0.75000000,0.19949335,"0,6481411611",0.64814116,0.02089930,"0,2277549082",0.22775491,3
213,0,"0,04823151125",Center,"0,875",0.87500000,0.00000000,0,0.00000000,0.04823151,"0,5256138555",0.52561386,4
184,"0,1833333333",0,Point Guard,"0,15",0.15000000,0.18333333,"0,5956382977",0.59563830,0.00000000,0,0.00000000,0
213,"0,003401360544","0,02721088435",Center,"0,875",0.87500000,0.00340136,"0,0110508033",0.01105080,0.02721088,"0,2965367965",0.29653680,4
213,"0,001387925052","0,02706453851",Center,"0,875",0.87500000,0.00138793,"0,004509279903",0.00450928,0.02706454,"0,2949419594",0.29494196,4
191,"0,150997151",0,Point Guard,"0,325",0.32500000,0.15099715,"0,4905801055",0.49058011,0.00000000,0,0.00000000,0
201,"0,1789940828","0,004930966469",Shooting Guard,"0,575",0.57500000,0.17899408,"0,5815403498",0.58154035,0.00493097,"0,05373632777",0.05373633,1
206,"0,1666666667","0,01515151515",Power Forward,"0,7",0.70000000,0.16666667,"0,5414893618",0.54148936,0.01515152,"0,1651170799",0.16511708,3
193,"0,1598173516",0,Point Guard,"0,375",0.37500000,0.15981735,"0,5192363742",0.51923637,0.00000000,0,0.00000000,0
191,"0,1315789474","0,01315789474",Point Guard,"0,325",0.32500000,0.13157895,"0,4274916014",0.42749160,0.01315789,"0,1433911484",0.14339115,0
212,0,"0,03986710963",Center,"0,85",0.85000000,0.00000000,0,0.00000000,0.03986711,"0,4344608879",0.43446089,4
203,"0,1474773609","0,01423027167",Power Forward,"0,625",0.62500000,0.14747736,"0,4791445321",0.47914453,0.01423027,"0,1550776197",0.15507762,3
211,"0,01127819549","0,05639097744",Center,"0,825",0.82500000,0.01127820,"0,03664213726",0.03664214,0.05639098,"0,6145334928",0.61453349,4
178,"0,2041666667",0,Point Guard,0,0.00000000,0.20416667,"0,6633244682",0.66332447,0.00000000,0,0.00000000,0
193,"0,1612903226","0,009925558313",Point Guard,"0,375",0.37500000,0.16129032,"0,524021963",0.52402196,0.00992556,"0,1081660275",0.10816603,0
191,"0,09836065574",0,Point Guard,"0,325",0.32500000,0.09836066,"0,3195674921",0.31956749,0.00000000,0,0.00000000,0
191,"0,2276029056",0,Point Guard,"0,325",0.32500000,0.22760291,"0,7394673124",0.73946731,0.00000000,0,0.00000000,0
206,"0,1235955056","0,03370786517",Power Forward,"0,7",0.70000000,0.12359551,"0,4015539086",0.40155391,0.03370787,"0,3673391216",0.36733912,3
217,"0,002597402597","0,02597402597",Center,"0,975",0.97500000,0.00259740,"0,008438795246",0.00843880,0.02597403,"0,2830578512",0.28305785,4
201,"0,186123348","0,00550660793",Power Forward,"0,575",0.57500000,0.18612335,"0,6047028774",0.60470288,0.00550661,"0,06000951142",0.06000951,3
201,"0,08142857143","0,01142857143",Shooting Guard,"0,575",0.57500000,0.08142857,"0,264556231",0.26455623,0.01142857,"0,1245454546",0.12454545,1
206,"0,05889145497","0,006928406467",Power Forward,"0,7",0.70000000,0.05889145,"0,1913345782",0.19133458,0.00692841,"0,07550388411",0.07550388,3
203,"0,05882352941","0,01384083045",Power Forward,"0,625",0.62500000,0.05882353,"0,1911138923",0.19111389,0.01384083,"0,1508335955",0.15083360,3
193,"0,1030351438","0,005591054313",Point Guard,"0,375",0.37500000,0.10303514,"0,3347546055",0.33475461,0.00559105,"0,06092978507",0.06092979,0
206,"0,1729032258","0,002580645161",Power Forward,"0,7",0.70000000,0.17290323,"0,5617515442",0.56175154,0.00258065,"0,02812316715",0.02812317,3
218,0,"0,03561253561",Center,1,1.00000000,0.00000000,0,0.00000000,0.03561254,"0,3880957006",0.38809570,4
188,"0,219927096",0,Point Guard,"0,25",0.25000000,0.21992710,"0,714529097",0.71452910,0.00000000,0,0.00000000,0
211,0,"0,02712571727",Center,"0,825",0.82500000,0.00000000,0,0.00000000,0.02712572,"0,2956086689",0.29560867,4
188,"0,1678607984",0,Point Guard,"0,25",0.25000000,0.16786080,"0,5453690195",0.54536902,0.00000000,0,0.00000000,0
193,"0,2251461988","0,00730994152",Shooting Guard,"0,375",0.37500000,0.22514620,"0,7314856288",0.73148563,0.00730994,"0,07966174906",0.07966175,1
203,"0,1511312217","0,01628959276",Small Forward,"0,625",0.62500000,0.15113122,"0,4910156926",0.49101569,0.01628959,"0,1775195393",0.17751954,2
196,"0,1373429084","0,004488330341",Shooting Guard,"0,45",0.45000000,0.13734291,"0,4462183428",0.44621834,0.00448833,"0,04891259996",0.04891260,1
188,"0,1435786436","0,002886002886",Point Guard,"0,25",0.25000000,0.14357864,"0,4664778484",0.46647785,0.00288600,"0,03145087236",0.03145087,0
188,"0,1266968326","0,02036199095",Shooting Guard,"0,25",0.25000000,0.12669683,"0,4116299221",0.41162992,0.02036199,"0,2218994241",0.22189942,1
193,"0,1227741331","0,001874414246",Shooting Guard,"0,375",0.37500000,0.12277413,"0,3988853218",0.39888532,0.00187441,"0,02042685525",0.02042686,1
191,"0,2463768116","0,005797101449",Shooting Guard,"0,325",0.32500000,0.24637681,"0,8004625347",0.80046253,0.00579710,"0,06317523056",0.06317523,1
196,"0,2215002953","0,001772002363",Shooting Guard,"0,45",0.45000000,0.22150030,"0,7196403211",0.71964032,0.00177200,"0,01931079848",0.01931080,1
191,"0,123255814","0,006976744186",Shooting Guard,"0,325",0.32500000,0.12325581,"0,4004502723",0.40045027,0.00697674,"0,07603065539",0.07603066,1
203,"0,1409001957","0,009784735812",Small Forward,"0,625",0.62500000,0.14090020,"0,4577757422",0.45777574,0.00978474,"0,1066313823",0.10663138,2
188,"0,1568627451","0,003676470588",Point Guard,"0,25",0.25000000,0.15686275,"0,5096370463",0.50963705,0.00367647,"0,04006517379",0.04006517,0
203,"0,004901960784","0,05065359477",Center,"0,625",0.62500000,0.00490196,"0,0159261577",0.01592616,0.05065359,"0,5520090612",0.55200906,4
210,"0,1143617021","0,01462765957",Power Forward,"0,8",0.80000000,0.11436170,"0,3715538704",0.37155387,0.01462766,"0,1594082446",0.15940824,3
203,"0,07164480323","0,04439959637",Power Forward,"0,625",0.62500000,0.07164480,"0,2327693926",0.23276939,0.04439960,"0,4838546922",0.48385469,3
208,"0,1502109705","0,01518987342",Power Forward,"0,75",0.75000000,0.15021097,"0,4880258552",0.48802586,0.01518987,"0,1655350978",0.16553510,3
193,"0,1361545538","0,002759889604",Point Guard,"0,375",0.37500000,0.13615455,"0,4423574546",0.44235745,0.00275989,"0,03007652421",0.03007652,0
190,"0,06484149856","0,02161383285",Point Guard,"0,3",0.30000000,0.06484150,"0,21066589",0.21066589,0.02161383,"0,2355416557",0.23554166,0
203,"0,07238095238","0,01523809524",Power Forward,"0,625",0.62500000,0.07238095,"0,2351610942",0.23516109,0.01523810,"0,1660606061",0.16606061,3
201,"0,1337142857","0,02171428571",Shooting Guard,"0,575",0.57500000,0.13371429,"0,4344291793",0.43442918,0.02171429,"0,2366363636",0.23663636,1
203,"0,1278941566","0,005512679162",Power Forward,"0,625",0.62500000,0.12789416,"0,4155199513",0.41551995,0.00551268,"0,06007567405",0.06007567,3
201,"0,1184792219","0,01414677277",Shooting Guard,"0,575",0.57500000,0.11847922,"0,3849314294",0.38493143,0.01414677,"0,1541676714",0.15416767,1
191,"0,1687440077","0,0009587727709",Shooting Guard,"0,325",0.32500000,0.16874401,"0,5482385101",0.54823851,0.00095877,"0,01044844417",0.01044844,1
193,"0,2350119904","0,01558752998",Shooting Guard,"0,375",0.37500000,0.23501199,"0,763538956",0.76353896,0.01558753,"0,1698686506",0.16986865,1
208,0,"0,05477031802",Center,"0,75",0.75000000,0.00000000,0,0.00000000,0.05477032,"0,5968719884",0.59687199,4
203,"0,03597122302","0,04076738609",Power Forward,"0,625",0.62500000,0.03597122,"0,1168682076",0.11686821,0.04076739,"0,4442718552",0.44427186,3
202,"0,1304347826","0,02898550725",Power Forward,"0,6",0.60000000,0.13043478,"0,423774283",0.42377428,0.02898551,"0,3158761529",0.31587615,3
188,"0,09375",0,Point Guard,"0,25",0.25000000,0.09375000,"0,3045877659",0.30458777,0.00000000,0,0.00000000,0
196,"0,1548269581","0,00364298725",Shooting Guard,"0,45",0.45000000,0.15482696,"0,5030229043",0.50302290,0.00364299,"0,03970028151",0.03970028,1
185,"0,2512690355","0,01015228426",Point Guard,"0,175",0.17500000,0.25126904,"0,8163570578",0.81635706,0.01015228,"0,1106368251",0.11063683,0
217,"0,001410437236","0,05923836389",Center,"0,975",0.97500000,0.00141044,"0,004582420552",0.00458242,0.05923836,"0,6455635337",0.64556353,4
180,"0,2832369942","0,00289017341",Point Guard,"0,05",0.05000000,0.28323699,"0,9202189152",0.92021892,0.00289017,"0,03149632159",0.03149632,0
188,"0,2915129151","0,007380073801",Point Guard,"0,25",0.25000000,0.29151292,"0,9471068539",0.94710685,0.00738007,"0,08042603153",0.08042603,0
188,"0,181372549","0,002450980392",Shooting Guard,"0,25",0.25000000,0.18137255,"0,5892678347",0.58926783,0.00245098,"0,02671011586",0.02671012,1
191,"0,1972318339","0,003460207612",Point Guard,"0,325",0.32500000,0.19723183,"0,640793639",0.64079364,0.00346021,"0,03770839886",0.03770840,0
190,"0,1086956522",0,Shooting Guard,"0,3",0.30000000,0.10869565,"0,353145236",0.35314524,0.00000000,0,0.00000000,1
188,"0,2277227723",0,Shooting Guard,"0,25",0.25000000,0.22772277,"0,7398567517",0.73985675,0.00000000,0,0.00000000,1
201,"0,1037344398",0,Small Forward,"0,575",0.57500000,0.10373444,"0,3370265735",0.33702657,0.00000000,0,0.00000000,2
188,"0,07796610169","0,01355932203",Point Guard,"0,25",0.25000000,0.07796610,"0,2533068878",0.25330689,0.01355932,"0,1477657935",0.14776579,0
190,"0,1923963134","0,002304147465",Shooting Guard,"0,3",0.30000000,0.19239631,"0,6250833416",0.62508334,0.00230415,"0,02510997067",0.02510997,1
202,"0,1666666667",0,Small Forward,"0,6",0.60000000,0.16666667,"0,5414893618",0.54148936,0.00000000,0,0.00000000,2
193,"0,08783783784","0,009009009009",Point Guard,"0,375",0.37500000,0.08783784,"0,2853795285",0.28537953,0.00900901,"0,09817772317",0.09817772,0
208,"0,002886002886","0,05339105339",Power Forward,"0,75",0.75000000,0.00288600,"0,009376439163",0.00937644,0.05339105,"0,5818411386",0.58184114,3
193,"0,08089260809","0,002789400279",Shooting Guard,"0,375",0.37500000,0.08089261,"0,2628149203",0.26281492,0.00278940,"0,03039812349",0.03039812,1
183,"0,2208588957","0,003067484663",Point Guard,"0,125",0.12500000,0.22085890,"0,7175564547",0.71755645,0.00306748,"0,03342861127",0.03342861,0
188,"0,1536144578",0,Point Guard,"0,25",0.25000000,0.15361446,"0,4990835682",0.49908357,0.00000000,0,0.00000000,0
218,"0,006385696041","0,001277139208",Center,1,1.00000000,0.00638570,"0,02074671884",0.02074672,0.00127714,"0,01391791478",0.01391791,4
193,"0,2303664921","0,01047120419",Shooting Guard,"0,375",0.37500000,0.23036649,"0,7484460286",0.74844603,0.01047120,"0,1141123275",0.11411233,1
208,"0,1983273596","0,01911589008",Small Forward,"0,75",0.75000000,0.19832736,"0,6443529321",0.64435293,0.01911589,"0,2083197567",0.20831976,2
201,"0,09255533199","0,01207243461",Shooting Guard,"0,575",0.57500000,0.09255533,"0,3007063658",0.30070637,0.01207243,"0,1315620999",0.13156210,1
191,"0,2829131653","0,005602240896",Shooting Guard,"0,325",0.32500000,0.28291317,"0,9191668157",0.91916682,0.00560224,"0,0610516934",0.06105169,1
198,"0,1940298507","0,01492537313",Shooting Guard,"0,5",0.50000000,0.19402985,"0,6303906",0.63039060,0.01492537,"0,1626526458",0.16265265,1
201,"0,2005813953","0,002906976744",Power Forward,"0,575",0.57500000,0.20058140,"0,6516761502",0.65167615,0.00290698,"0,03167943974",0.03167944,3
188,"0,1981424149","0,01407261469",Point Guard,"0,25",0.25000000,0.19814241,"0,6437520586",0.64375206,0.01407261,"0,1533595169",0.15335952,0
201,"0,0733632287","0,01739910314",Shooting Guard,"0,575",0.57500000,0.07336323,"0,2383524473",0.23835245,0.01739910,"0,1896106808",0.18961068,1
206,"0,1780745687","0,0170654795",Small forward,"0,7",0.70000000,0.17807457,"0,5785529072",0.57855291,0.01706548,"0,1859749414",0.18597494,2
191,"0,2125162973","0,01639038927",Shooting guard,"0,325",0.32500000,0.21251630,"0,690451885",0.69045189,0.01639039,"0,1786179922",0.17861799,1
206,"0,1258225004","0,02118440058",Power forward,"0,7",0.70000000,0.12582250,"0,4087892726",0.40878927,0.02118440,"0,2308618199",0.23086182,3
213,"0,2022800351","0,01841566793",Power forward,"0,875",0.87500000,0.20228004,"0,6571949225",0.65719492,0.01841567,"0,2006889266",0.20068893,3
211,"0,119108513","0,04219948849",Power forward,"0,825",0.82500000,0.11910851,"0,386975956",0.38697596,0.04219949,"0,4598785166",0.45987852,3
185,"0,226049735","0,00509580106",Point guard,"0,175",0.17500000,0.22604974,"0,7344211603",0.73442116,0.00509580,"0,05553265019",0.05553265,0
201,"0,1288475304","0,01884991649",Small forward,"0,575",0.57500000,0.12884753,"0,4186174019",0.41861740,0.01884992,"0,205421249",0.20542125,2
201,"0,1590062112","0,0165039929",Small forward,"0,575",0.57500000,0.15900621,"0,5166010308",0.51660103,0.01650399,"0,1798560135",0.17985601,2
198,"0,1983113228","0,01320632171",Shooting guard,"0,5",0.50000000,0.19831132,"0,6443008296",0.64430083,0.01320632,"0,1439188923",0.14391889,1
191,"0,1361414065","0,01128243701",Point guard,"0,325",0.32500000,0.13614141,"0,4423147398",0.44231474,0.01128244,"0,1229529215",0.12295292,0
188,"0,2526558891","0,01000769823",Point guard,"0,25",0.25000000,0.25265589,"0,8208628567",0.82086286,0.01000770,"0,1090611659",0.10906117,0
191,"0,2037428804","0,01399511798",Shooting guard,"0,325",0.32500000,0.20374288,"0,6619476135",0.66194761,0.01399512,"0,1525149789",0.15251498,1
183,"0,2525347353","0,01333082989",Point guard,"0,125",0.12500000,0.25253474,"0,8204692357",0.82046924,0.01333083,"0,1452757485",0.14527575,0
203,"0,100952381","0,01481481481",Power forward,"0,625",0.62500000,0.10095238,"0,3279878421",0.32798784,0.01481481,"0,1614478114",0.16144781,3
196,"0,1457643161","0,006152389967",Point guard,"0,45",0.45000000,0.14576432,"0,4735789589",0.47357896,0.00615239,"0,06704706793",0.06704707,0
208,"0,138330494","0,01499148211",Power forward,"0,75",0.75000000,0.13833049,"0,4494269454",0.44942695,0.01499148,"0,1633730834",0.16337308,3
196,"0,09332589701","0,01952035694",Shooting guard,"0,45",0.45000000,0.09332590,"0,3032098824",0.30320988,0.01952036,"0,2127275262",0.21272753,1
206,"0,007496740548","0,02379400261",Center,"0,7",0.70000000,0.00749674,"0,02435643152",0.02435643,0.02379400,"0,2593005512",0.25930055,4
203,"0,2287390029","0,01005446167",Power forward,"0,625",0.62500000,0.22873900,"0,74315842",0.74315842,0.01005446,"0,1095707811",0.10957078,3
203,"0,169522542","0,02528697388",Small forward,"0,625",0.62500000,0.16952254,"0,5507679183",0.55076792,0.02528697,"0,2755705449",0.27557054,2
198,"0,08425160698","0,03191000918",Power forward,"0,5",0.50000000,0.08425161,"0,2737280933",0.27372809,0.03191001,"0,3477465773",0.34774658,3
198,"0,1245598592","0,01056338028",Small forward,"0,5",0.50000000,0.12455986,"0,4046870319",0.40468703,0.01056338,"0,1151168374",0.11511684,2
196,"0,1729708432","0,006895193065",Shooting guard,"0,45",0.45000000,0.17297084,"0,5619712288",0.56197123,0.00689519,"0,07514193351",0.07514193,1
206,"0,005801585767","0,03519628699",Center,"0,7",0.70000000,0.00580159,"0,01884898184",0.01884898,0.03519629,"0,3835595366",0.38355954,4
208,"0,001107828656","0,05576070901",Center,"0,75",0.75000000,0.00110783,"0,003599264591",0.00359926,0.05576071,"0,6076649993",0.60766500,4
198,"0,160779072","0,0137483292",Shooting guard,"0,5",0.50000000,0.16077907,"0,5223609424",0.52236094,0.01374833,"0,1498255421",0.14982554,1
191,"0,08964879852","0,009242144177",Point guard,"0,325",0.32500000,0.08964880,"0,2912632241",0.29126322,0.00924214,"0,1007183667",0.10071837,0
198,"0,1182197497","0,009735744089",Small forward,"0,5",0.50000000,0.11821975,"0,3840884208",0.38408842,0.00973574,"0,1060974839",0.10609748,2
201,"0,009874917709","0,04388852315",Center,"0,575",0.57500000,0.00987492,"0,03208297732",0.03208298,0.04388852,"0,4782851557",0.47828516,4
211,"0,05133470226","0,04271047228",Power forward,"0,825",0.82500000,0.05133470,"0,166783171",0.16678317,0.04271047,"0,4654470786",0.46544708,3
183,"0,2023217247","0,01194029851",Point guard,"0,125",0.12500000,0.20232172,"0,6573303694",0.65733037,0.01194030,"0,1301221167",0.13012212,0
201,"0,1292688517","0,01260600504",Small forward,"0,575",0.57500000,0.12926885,"0,4199862479",0.41998625,0.01260601,"0,1373768049",0.13737680,2
208,0,"0,04815090593",Center,"0,75",0.75000000,0.00000000,0,0.00000000,0.04815091,"0,5247354407",0.52473544,4
206,"0,1268462207","0,03605560382",Power forward,"0,7",0.70000000,0.12684622,"0,4121152745",0.41211527,0.03605560,"0,3929241371",0.39292414,3
196,"0,1908366534","0,004780876494",Shooting guard,"0,45",0.45000000,0.19083665,"0,6200161058",0.62001611,0.00478088,"0,05210068815",0.05210069,1
203,"0,1430431245","0,01513425549",Power forward,"0,625",0.62500000,0.14304312,"0,4647379811",0.46473798,0.01513426,"0,1649289888",0.16492899,3
193,"0,1737954353","0,008960270499",Point guard,"0,375",0.37500000,0.17379544,"0,5646502759",0.56465028,0.00896027,"0,09764658418",0.09764658,0
188,"0,1111111111","0,01096956829",Point guard,"0,25",0.25000000,0.11111111,"0,3609929077",0.36099291,0.01096957,"0,1195433635",0.11954336,0
191,"0,1037630817","0,01759073703",Point guard,"0,325",0.32500000,0.10376308,"0,3371196293",0.33711963,0.01759074,"0,1916990547",0.19169905,0
193,"0,273399584","0,008782066097",Point guard,"0,375",0.37500000,0.27339958,"0,8882577973",0.88825780,0.00878207,"0,09570456121",0.09570456,0
211,"0,1243048741","0,05920837422",Power forward,"0,825",0.82500000,0.12430487,"0,4038586016",0.40385860,0.05920837,"0,6452367145",0.64523671,3
198,"0,01895226176","0,01162166994",Small forward,"0,5",0.50000000,0.01895226,"0,06157468874",0.06157469,0.01162167,"0,1266497895",0.12664979,2
196,"0,09031710079","0,01670441676",Point guard,"0,45",0.45000000,0.09031710,"0,2934344955",0.29343450,0.01670442,"0,1820401781",0.18204018,0
193,"0,07345739471","0,008814887365",Point guard,"0,375",0.37500000,0.07345739,"0,2386583866",0.23865839,0.00881489,"0,09606223844",0.09606224,0
185,"0,1989693032","0,008962581223",Point guard,"0,175",0.17500000,0.19896930,"0,6464385659",0.64643857,0.00896258,"0,09767176582",0.09767177,0
185,"0,1548828988","0,005965532479",Point guard,"0,175",0.17500000,0.15488290,"0,503204652",0.50320465,0.00596553,"0,06501074599",0.06501075,0
201,"0,1912919343","0,003390435403",Small forward,"0,575",0.57500000,0.19129193,"0,6214952844",0.62149528,0.00339044,"0,03694804036",0.03694804,2
211,"0,1657997399","0,05656697009",Power forward,"0,825",0.82500000,0.16579974,"0,5386727719",0.53867277,0.05656697,"0,6164514127",0.61645141,3
213,"0,006256517205","0,09176225235",Center,"0,875",0.87500000,0.00625652,"0,02032702505",0.02032703,0.09176225,1,1.00000000,4
185,"0,2473184186","0,005209929513",Point guard,"0,175",0.17500000,0.24731842,"0,8035217557",0.80352176,0.00520993,"0,05677639094",0.05677639,0
196,"0,08490902604","0,02176239743",Shooting guard,"0,45",0.45000000,0.08490903,"0,2758640059",0.27586401,0.02176240,"0,237160672",0.23716067,1
211,"0,005681818182","0,0367965368",Center,"0,825",0.82500000,0.00568182,"0,0184598646",0.01845986,0.03679654,"0,4009986226",0.40099862,4
196,"0,1785173979","0,003025718608",Shooting guard,"0,45",0.45000000,0.17851740,"0,579991631",0.57999163,0.00302572,"0,03297345619",0.03297346,1
198,"0,1635687732","0,01115241636",Small forward,"0,5",0.50000000,0.16356877,"0,5314245035",0.53142450,0.01115242,"0,1215359919",0.12153599,2
216,0,"0,06800201986",Center,"0,95",0.95000000,0.00000000,0,0.00000000,0.06800202,"0,7410674664",0.74106747,4
203,"0,1831166063","0,01300362396",Power forward,"0,625",0.62500000,0.18311661,"0,5949341655",0.59493417,0.01300362,"0,1417099475",0.14170995,3
198,"0,1863488624","0,01706392199",Point guard,"0,5",0.50000000,0.18634886,"0,6054355593",0.60543556,0.01706392,"0,185957968",0.18595797,0
201,"0,1722383721","0,02664728682",Small forward,"0,575",0.57500000,0.17223837,"0,559591477",0.55959148,0.02664729,"0,2903948643",0.29039486,2
211,"0,1868317389","0,02110298255",Power forward,"0,825",0.82500000,0.18683174,"0,6070043942",0.60700439,0.02110298,"0,2299745485",0.22997455,3
191,"0,2237864078","0,003398058252",Point guard,"0,325",0.32500000,0.22378641,"0,7270677547",0.72706775,0.00339806,"0,03703111209",0.03703111,0
185,"0,1586634654","0,008403361345",Point guard,"0,175",0.17500000,0.15866347,"0,5154874716",0.51548747,0.00840336,"0,09157754011",0.09157754,0
211,"0,005555555556","0,04375",Center,"0,825",0.82500000,0.00555556,"0,01804964539",0.01804965,0.04375000,"0,4767755682",0.47677557,4
203,"0,1210485736","0,01773323053",Power forward,"0,625",0.62500000,0.12104857,"0,3932790891",0.39327909,0.01773323,"0,19325191",0.19325191,3
203,"0,1358618234","0,005163817664",Small forward,"0,625",0.62500000,0.13586182,"0,4414063922",0.44140639,0.00516382,"0,05627387659",0.05627388,2
201,"0,2196353436","0,01458625526",Small forward,"0,575",0.57500000,0.21963534,"0,713581212",0.71358121,0.01458626,"0,1589570317",0.15895703,2
201,"0,09502580948","0,02604411075",Power forward,"0,575",0.57500000,0.09502581,"0,3087327895",0.30873279,0.02604411,"0,283821616",0.28382162,3
191,"0,1576891447","0,02282072368",Point guard,"0,325",0.32500000,0.15768914,"0,5123219658",0.51232197,0.02282072,"0,2486940228",0.24869402,0
196,"0,1403508772","0,01553062985",Shooting guard,"0,45",0.45000000,0.14035088,"0,4559910414",0.45599104,0.01553063,"0,1692485685",0.16924857,1
203,"0,1580121058","0,01943294043",Power forward,"0,625",0.62500000,0.15801211,"0,5133712458",0.51337125,0.01943294,"0,2117748849",0.21177488,3
208,"0,1148796499","0,04376367615",Power forward,"0,75",0.75000000,0.11487965,"0,3732366498",0.37323665,0.04376368,"0,4769246071",0.47692461,3
196,"0,1585464334","0,01830417227",Small forward,"0,45",0.45000000,0.15854643,"0,5151072421",0.51510724,0.01830417,"0,1994738773",0.19947388,2
208,"0,001650846059","0,08790755262",Center,"0,75",0.75000000,0.00165085,"0,005363493472",0.00536349,0.08790755,"0,9579925336",0.95799253,4
191,"0,182012848","0,01401596262",Shooting guard,"0,325",0.32500000,0.18201285,"0,5913481253",0.59134813,0.01401596,"0,1527421381",0.15274214,1
188,"0,199369937","0,008550855086",Shooting guard,"0,25",0.25000000,0.19936994,"0,6477401995",0.64774020,0.00855086,"0,09318488667",0.09318489,1
191,"0,08385964912","0,01368421053",Point guard,"0,325",0.32500000,0.08385965,"0,2724546472",0.27245465,0.01368421,"0,1491267943",0.14912679,0
208,"0,006555723651","0,04992435703",Center,"0,75",0.75000000,0.00655572,"0,02129912769",0.02129913,0.04992436,"0,5440620272",0.54406203,4
198,"0,1048292108","0,005300353357",Shooting guard,"0,5",0.50000000,0.10482921,"0,3405834146",0.34058341,0.00530035,"0,05776180533",0.05776181,1
208,"0,2053956019","0,007254590796",Power forward,"0,75",0.75000000,0.20539560,"0,6673172002",0.66731720,0.00725459,"0,07905855197",0.07905855,3
193,"0,2842551551","0,01040662941",Shooting guard,"0,375",0.37500000,0.28425516,"0,9235268549",0.92352685,0.01040663,"0,1134086091",0.11340861,1
201,"0,233118027","0,01056958309",Shooting guard,"0,575",0.57500000,0.23311803,"0,7573855898",0.75738559,0.01056958,"0,1151844339",0.11518443,1
191,"0,1846368715","0,004748603352",Point guard,"0,325",0.32500000,0.18463687,"0,5998734101",0.59987341,0.00474860,"0,05174898425",0.05174898,0
185,"0,152426647","0,005720612659",Point guard,"0,175",0.17500000,0.15242665,"0,4952244467",0.49522445,0.00572061,"0,06234167659",0.06234168,0
208,"0,1454013174","0,008538667968",Power forward,"0,75",0.75000000,0.14540132,"0,4723995993",0.47239960,0.00853867,"0,09305207478",0.09305207,3
203,"0,1781221513","0,002005469462",Small forward,"0,625",0.62500000,0.17812215,"0,5787075",0.57870750,0.00200547,"0,02185505925",0.02185506,2
201,"0,1579281184","0,02579281184",Small forward,"0,575",0.57500000,0.15792812,"0,5130983761",0.51309838,0.02579281,"0,281083029",0.28108303,2
203,"0,05878894768","0,005291005291",Small forward,"0,625",0.62500000,0.05878895,"0,1910015385",0.19100154,0.00529101,"0,05765993266",0.05765993,2
198,"0,1382278481","0,02810126582",Small forward,"0,5",0.50000000,0.13822785,"0,4490934554",0.44909346,0.02810127,"0,3062399309",0.30623993,2
196,"0,1807909605","0,01721818671",Shooting guard,"0,45",0.45000000,0.18079096,"0,5873782908",0.58737829,0.01721819,"0,1876391029",0.18763910,1
201,"0,1862799777","0,005763153002",Shooting guard,"0,575",0.57500000,0.18627998,"0,6052117573",0.60521176,0.00576315,"0,06280526964",0.06280527,1
208,"0,2546857773","0,01929437707",Power forward,"0,75",0.75000000,0.25468578,"0,8274578339",0.82745783,0.01929438,"0,2102648592",0.21026486,3
191,"0,2097222222","0,003472222222",Shooting guard,"0,325",0.32500000,0.20972222,"0,6813741134",0.68137411,0.00347222,"0,0378393308",0.03783933,1
193,"0,1889570552","0,003680981595",Shooting guard,"0,375",0.37500000,0.18895706,"0,6139094112",0.61390941,0.00368098,"0,04011433352",0.04011433,1
208,"0,0654028436","0,007582938389",Power forward,"0,75",0.75000000,0.06540284,"0,2124896642",0.21248966,0.00758294,"0,08263679449",0.08263679,3
193,"0,1083138173","0,01053864169",Shooting guard,"0,375",0.37500000,0.10831382,"0,3519046787",0.35190468,0.01053864,"0,114847243",0.11484724,1
188,"0,1802721088","0,003401360544",Point guard,"0,25",0.25000000,0.18027211,"0,5856925747",0.58569257,0.00340136,"0,03706709956",0.03706710,0
203,"0,1587136929","0,02385892116",Power forward,"0,625",0.62500000,0.15871369,"0,5156506575",0.51565066,0.02385892,"0,2600080158",0.26000802,3
201,"0,1922519913","0,01303403331",Shooting guard,"0,575",0.57500000,0.19225199,"0,6246144483",0.62461445,0.01303403,"0,1420413403",0.14204134,1
202,"0,07505070994","0,02434077079",Power forward,"0,6",0.60000000,0.07505071,"0,2438349661",0.24383497,0.02434077,"0,2652590817",0.26525908,3
203,"0,1144370861","0,01695364238",Small forward,"0,625",0.62500000,0.11443709,"0,3717987882",0.37179879,0.01695364,"0,1847561709",0.18475617,2
196,"0,1985622211","0,0096678235",Point guard,"0,45",0.45000000,0.19856222,"0,6451159821",0.64511598,0.00966782,"0,1053573038",0.10535730,0
183,"0,2257019438","0,007559395248",Point guard,"0,125",0.12500000,0.22570194,"0,7332912089",0.73329121,0.00755940,"0,08238022776",0.08238023,0
203,"0,1257606491","0,007099391481",Shooting guard,"0,625",0.62500000,0.12576065,"0,4085883216",0.40858832,0.00709939,"0,07736723216",0.07736723,1
201,"0,08133187773","0,008187772926",Power forward,"0,575",0.57500000,0.08133188,"0,2642420793",0.26424208,0.00818777,"0,08922811631",0.08922812,3
188,"0,206814955","0,001183151917",Shooting guard,"0,25",0.25000000,0.20681496,"0,6719285878",0.67192859,0.00118315,"0,01289366691",0.01289367,1
211,0,"0,04176008969",Center,"0,825",0.82500000,0.00000000,0,0.00000000,0.04176009,"0,4550900683",0.45509007,4
211,"0,0014059048","0,03193412332",Center,"0,825",0.82500000,0.00140590,"0,004567694956",0.00456769,0.03193412,"0,3480093666",0.34800937,4
201,"0,0835837203","0,01884730948",Power forward,"0,575",0.57500000,0.08358372,"0,2715581721",0.27155817,0.01884731,"0,2053928385",0.20539284,3
211,"0,01152802893","0,0544755877",Center,"0,825",0.82500000,0.01152803,"0,03745383016",0.03745383,0.05447559,"0,5936600978",0.59366010,4
203,"0,1307775965","0,02229472539",Small forward,"0,625",0.62500000,0.13077760,"0,4248880635",0.42488806,0.02229473,"0,2429618369",0.24296184,2
213,"0,002118644068","0,01800847458",Center,"0,875",0.87500000,0.00211864,"0,006883339344",0.00688334,0.01800847,"0,1962514446",0.19625144,4
206,"0,1555004136","0,02109181141",Power forward,"0,7",0.70000000,0.15550041,"0,5052109182",0.50521092,0.02109181,"0,2298528084",0.22985281,3
206,"0,137332281","0,0181531176",Power forward,"0,7",0.70000000,0.13733228,"0,4461838151",0.44618382,0.01815312,"0,1978277247",0.19782772,3
203,"0,1291410434","0,02043245388",Power forward,"0,625",0.62500000,0.12914104,"0,4195710069",0.41957101,0.02043245,"0,2226673099",0.22266731,3
191,"0,1122194514","0,004571903574",Point guard,"0,325",0.32500000,0.11221945,"0,3645938346",0.36459383,0.00457190,"0,04982335826",0.04982336,0
185,"0,1458333333","0,02132352941",Point guard,"0,175",0.17500000,0.14583333,"0,4738031914",0.47380319,0.02132353,"0,232378008",0.23237801,0
203,"0,005387931034","0,03125",Center,"0,625",0.62500000,0.00538793,"0,01750504402",0.01750504,0.03125000,"0,3405539773",0.34055398,4
208,"0,1563636364","0,04805194805",Power forward,"0,75",0.75000000,0.15636364,"0,508015474",0.50801547,0.04805195,"0,5236570248",0.52365702,3
211,"0,06873008648","0,03595812472",Power forward,"0,825",0.82500000,0.06873009,"0,2232996639",0.22329966,0.03595812,"0,3918618364",0.39186184,3
213,"0,0006942034016","0,04859423811",Center,"0,875",0.87500000,0.00069420,"0,002255422541",0.00225542,0.04859424,"0,5295667539",0.52956675,4
196,"0,06055045872","0,01529051988",Shooting guard,"0,45",0.45000000,0.06055046,"0,1967245754",0.19672458,0.01529052,"0,1666319155",0.16663192,1
203,"0,1890339426","0,01723237598",Power forward,"0,625",0.62500000,0.18903394,"0,6141592135",0.61415921,0.01723238,"0,1877937337",0.18779373,3
185,"0,1177113703","0,004373177843",Point guard,"0,175",0.17500000,0.11771137,"0,3824367286",0.38243673,0.00437318,"0,04765769945",0.04765770,0
203,"0,2584745763","0,01344878408",Shooting guard,"0,625",0.62500000,0.25847458,"0,8397674",0.83976740,0.01344878,"0,146561181",0.14656118,1
208,"0,0387275242","0,05117565698",Power forward,"0,75",0.75000000,0.03872752,"0,1258232541",0.12582325,0.05117566,"0,5576983527",0.55769835,3
206,"0,02721930096","0,05412929168",Power forward,"0,7",0.70000000,0.02721930,"0,08843377141",0.08843377,0.05412929,"0,5898862582",0.58988626,3
213,"0,01011089367","0,08675799087",Center,"0,875",0.87500000,0.01011089,"0,03284964816",0.03284965,0.08675799,"0,9454649232",0.94546492,4
183,"0,1565457413","0,01222397476",Point guard,"0,125",0.12500000,0.15654574,"0,5086071212",0.50860712,0.01222397,"0,1332135431",0.13321354,0
185,"0,154517134","0,01474558671",Point guard,"0,175",0.17500000,0.15451713,"0,5020163055",0.50201631,0.01474559,"0,1606933824",0.16069338,0
201,"0,1516323024","0,01030927835",Small forward,"0,575",0.57500000,0.15163230,"0,4926436718",0.49264367,0.01030928,"0,1123477038",0.11234770,2
201,"0,1343971631","0,01560283688",Small forward,"0,575",0.57500000,0.13439716,"0,4366478043",0.43664780,0.01560284,"0,170035461",0.17003546,2
198,"0,1546072975","0,01329622758",Shooting guard,"0,5",0.50000000,0.15460730,"0,502309241",0.50230924,0.01329623,"0,1448986619",0.14489866,1
196,"0,1723231881","0,01620319685",Shooting guard,"0,45",0.45000000,0.17232319,"0,5598670388",0.55986704,0.01620320,"0,1765780202",0.17657802,1
191,"0,287278415","0,009906152242",Shooting guard,"0,325",0.32500000,0.28727842,"0,9333492334",0.93334923,0.00990615,"0,1079545455",0.10795455,1
185,"0,1171497585","0,003019323671",Point guard,"0,175",0.17500000,0.11714976,"0,3806120877",0.38061209,0.00301932,"0,03290376591",0.03290377,0
196,"0,228531856","0,007386888273",Point guard,"0,45",0.45000000,0.22853186,"0,742485413",0.74248541,0.00738689,"0,08050029379",0.08050029,0
185,"0,2243650047","0,004703668862",Point guard,"0,175",0.17500000,0.22436500,"0,7289475791",0.72894758,0.00470367,"0,05125930044",0.05125930,0
196,"0,1321439848","0,0148405431",Power forward,"0,45",0.45000000,0.13214398,"0,4293273719",0.42932737,0.01484054,"0,1617281913",0.16172819,3
191,"0,1777452416","0,01142020498",Shooting guard,"0,325",0.32500000,0.17774524,"0,5774829445",0.57748294,0.01142020,"0,1244542793",0.12445428,1
208,"0,1520059806","0,02541739347",Power forward,"0,75",0.75000000,0.15200598,"0,4938577284",0.49385773,0.02541739,"0,276991822",0.27699182,3
185,"0,2133668904","0,006431767338",Point guard,"0,175",0.17500000,0.21336689,"0,6932154077",0.69321541,0.00643177,"0,07009164633",0.07009165,0
185,"0,1075376884","0,01005025126",Point guard,"0,175",0.17500000,0.10753769,"0,3493830855",0.34938309,0.01005025,"0,1095248972",0.10952490,0
193,"0,1321334504","0,01053555751",Shooting guard,"0,375",0.37500000,0.13213345,"0,4292931463",0.42929315,0.01053556,"0,1148136324",0.11481363,1
201,"0,129471891","0,0211730348",Small forward,"0,575",0.57500000,0.12947189,"0,4206459097",0.42064591,0.02117303,"0,2307379588",0.23073796,2
191,"0,2260760552","0,01462599248",Shooting guard,"0,325",0.32500000,0.22607606,"0,7345066729",0.73450667,0.01462599,"0,1593900771",0.15939008,1
183,"0,09898866074","0,01379098989",Point guard,"0,125",0.12500000,0.09898866,"0,3216078403",0.32160784,0.01379099,"0,1502904466",0.15029045,0
206,"0,2068864038","0,01030017657",Power forward,"0,7",0.70000000,0.20688640,"0,6721607204",0.67216072,0.01030018,"0,1122485151",0.11224852,3
193,"0,211509716","0,01121076233",Shooting guard,"0,375",0.37500000,0.21150972,"0,6871815666",0.68718157,0.01121076,"0,1221718304",0.12217183,1
185,"0,02050420168","0,00974789916",Point guard,"0,175",0.17500000,0.02050420,"0,06661684248",0.06661684,0.00974790,"0,1062299465",0.10622995,0
191,"0,255498778","0,006665185514",Shooting guard,"0,325",0.32500000,0.25549878,"0,8300992212",0.83009922,0.00666519,"0,07263537395",0.07263537,1
203,"0,1652523448","0,01697186244",Small forward,"0,625",0.62500000,0.16525234,"0,5368943202",0.53689432,0.01697186,"0,1849547282",0.18495473,2
196,"0,2350486787","0,01251738526",Shooting guard,"0,45",0.45000000,0.23504868,"0,7636581539",0.76365815,0.01251739,"0,1364110507",0.13641105,1
193,"0,1107594937","0,02013808976",Shooting guard,"0,375",0.37500000,0.11075949,"0,3598505253",0.35985053,0.02013809,"0,21945941",0.21945941,1
201,"0,1417322835","0,01867266592",Small forward,"0,575",0.57500000,0.14173228,"0,4604791423",0.46047914,0.01867267,"0,2034896206",0.20348962,2
206,"0,0004770992366","0,05200381679",Center,"0,7",0.70000000,0.00047710,"0,001550064966",0.00155006,0.05200382,"0,5667234125",0.56672341,4
203,"0,1794619423","0,01673228346",Power forward,"0,625",0.62500000,0.17946194,"0,5830603955",0.58306040,0.01673228,"0,1823438618",0.18234386,3
198,"0,2331749802","0,01346001584",Small forward,"0,5",0.50000000,0.23317498,"0,7575706271",0.75757063,0.01346002,"0,1466835817",0.14668358,2
196,"0,1773304577","0,01509705248",Shooting guard,"0,45",0.45000000,0.17733046,"0,5761353381",0.57613534,0.01509705,"0,1645235605",0.16452356,1
193,"0,1206278027","0,01390134529",Point guard,"0,375",0.37500000,0.12062780,"0,3919120313",0.39191203,0.01390135,"0,1514930697",0.15149307,0
201,"0,1908727515","0,004663557628",Small forward,"0,575",0.57500000,0.19087275,"0,6201333862",0.62013339,0.00466356,"0,05082217915",0.05082218,2
198,"0,1867612293","0,01418439716",Small forward,"0,5",0.50000000,0.18676123,"0,606775313",0.60677531,0.01418440,"0,1545776918",0.15457769,2
203,"0,05787181083","0,03671437461",Power forward,"0,625",0.62500000,0.05787181,"0,1880218194",0.18802182,0.03671437,"0,4001032415",0.40010324,3
206,"0,09881193857","0,03245436105",Power forward,"0,7",0.70000000,0.09881194,"0,3210336813",0.32103368,0.03245436,"0,3536787755",0.35367878,3
196,"0,2472955431","0,00346170489",Shooting guard,"0,45",0.45000000,0.24729554,"0,8034474347",0.80344743,0.00346170,"0,03772471579",0.03772472,1
196,"0,1849015317","0,007658643326",Shooting guard,"0,45",0.45000000,0.18490153,"0,6007332742",0.60073327,0.00765864,"0,08346180624",0.08346181,1
198,"0,2064431295","0,007670392286",Shooting guard,"0,5",0.50000000,0.20644313,"0,6707205505",0.67072055,0.00767039,"0,0835898432",0.08358984,1
211,"0,1258633922","0,02455871067",Power forward,"0,825",0.82500000,0.12586339,"0,4089221274",0.40892213,0.02455871,"0,267634131",0.26763413,3
198,"0,2019374069","0,02235469449",Shooting guard,"0,5",0.50000000,0.20193741,"0,6560817454",0.65608175,0.02235469,"0,2436153638",0.24361536,1
198,"0,1792859945","0,007453903492",Shooting guard,"0,5",0.50000000,0.17928599,"0,5824887523",0.58248875,0.00745390,"0,08123060737",0.08123061,1
185,"0,191514861","0,006951102589",Point guard,"0,175",0.17500000,0.19151486,"0,622219559",0.62221956,0.00695110,"0,07575122026",0.07575122,0
198,"0,112324493","0,009750390016",Small forward,"0,5",0.50000000,0.11232449,"0,3649351081",0.36493511,0.00975039,"0,1062570912",0.10625709,2
193,"0,06335830212","0,02184769039",Shooting guard,"0,375",0.37500000,0.06335830,"0,2058470794",0.20584708,0.02184769,"0,2380901714",0.23809017,1
191,"0,1307379431","0,005520046485",Point guard,"0,325",0.32500000,0.13073794,"0,4247592321",0.42475923,0.00552005,"0,06015596112",0.06015596,0
198,"0,1033411033","0,005050505051",Small forward,"0,5",0.50000000,0.10334110,"0,3357486484",0.33574865,0.00505051,"0,05503902663",0.05503903,2
191,"0,1661490683","0,003105590062",Point guard,"0,325",0.32500000,0.16614907,"0,5398077176",0.53980772,0.00310559,"0,03384387352",0.03384387,0
203,"0,1834023089","0,01502940536",Power forward,"0,625",0.62500000,0.18340231,"0,5958623951",0.59586240,0.01502941,"0,1637863607",0.16378636,3
185,"0,1631029339","0,002983590254",Point guard,"0,175",0.17500000,0.16310293,"0,5299110214",0.52991102,0.00298359,"0,03251435288",0.03251435,0
196,"0,1519895629","0,02283105023",Small forward,"0,45",0.45000000,0.15198956,"0,4938043884",0.49380439,0.02283105,"0,2488065587",0.24880656,2
203,"0,1253031528","0,03071948262",Small forward,"0,625",0.62500000,0.12530315,"0,4071019454",0.40710195,0.03071948,"0,3347725435",0.33477254,2
203,"0,005307050796","0,03411675512",Power forward,"0,625",0.62500000,0.00530705,"0,01724226929",0.01724227,0.03411676,"0,3717950927",0.37179509,3
213,"0,1361231361","0,01202501203",Power forward,"0,875",0.87500000,0.13612314,"0,4422553805",0.44225538,0.01202501,"0,1310453015",0.13104530,3
203,"0,1662714878","0,0278601067",Power forward,"0,625",0.62500000,0.16627149,"0,5402054508",0.54020545,0.02786011,"0,3036118446",0.30361184,3
196,"0,1474358974","0,02106227106",Shooting guard,"0,45",0.45000000,0.14743590,"0,4790098198",0.47900982,0.02106227,"0,2295308857",0.22953089,1
193,"0,1629416006","0,01441961067",Shooting guard,"0,375",0.37500000,0.16294160,"0,5293868598",0.52938686,0.01441961,"0,1571409845",0.15714098,1
203,"0,1402597403","0,02285714286",Small forward,"0,625",0.62500000,0.14025974,"0,4556949435",0.45569494,0.02285714,"0,2490909091",0.24909091,2
198,"0,2408906883","0,01923076923",Shooting guard,"0,5",0.50000000,0.24089069,"0,7826384702",0.78263847,0.01923077,"0,2095716783",0.20957168,1
193,"0,1326915027","0,008371703642",Shooting guard,"0,375",0.37500000,0.13269150,"0,4311062226",0.43110622,0.00837170,"0,09123254309",0.09123254,1
198,"0,1206168145","0,02049007182",Small forward,"0,5",0.50000000,0.12061681,"0,3918763313",0.39187633,0.02049007,"0,2232952145",0.22329521,2
198,"0,1780397022","0,0188172043",Shooting guard,"0,5",0.50000000,0.17803970,"0,5784396282",0.57843963,0.01881720,"0,2050647605",0.20506476,1
193,"0,2142857143","0,007598784195",Shooting guard,"0,375",0.37500000,0.21428571,"0,6962006079",0.69620061,0.00759878,"0,08280947776",0.08280948,1
203,"0,1306425916","0,03451938396",Power forward,"0,625",0.62500000,0.13064259,"0,4244494412",0.42444944,0.03451938,"0,376182832",0.37618283,3
198,"0,1416083916","0,02389277389",Shooting guard,"0,5",0.50000000,0.14160839,"0,4600766255",0.46007663,0.02389277,"0,2603769336",0.26037693,1
203,"0,214229249","0,008695652174",Shooting guard,"0,625",0.62500000,0.21422925,"0,6960171558",0.69601716,0.00869565,"0,09476284585",0.09476285,1
201,"0,1607461798","0,007144274658",Small forward,"0,575",0.57500000,0.16074618,"0,5222540777",0.52225408,0.00714427,"0,07785635678",0.07785636,2
191,"0,1751740139","0,006960556845",Shooting guard,"0,325",0.32500000,0.17517401,"0,5691291898",0.56912919,0.00696056,"0,07585425016",0.07585425,1
198,"0,1590130226","0,01165181631",Small forward,"0,5",0.50000000,0.15901302,"0,5166231606",0.51662316,0.01165182,"0,1269783164",0.12697832,2
203,"0,1963414634","0,009756097561",Power forward,"0,625",0.62500000,0.19634146,"0,6379008821",0.63790088,0.00975610,"0,1063192905",0.10631929,3
198,"0,1327742837","0,01747030049",Small forward,"0,5",0.50000000,0.13277428,"0,4313751728",0.43137517,0.01747030,"0,1903865701",0.19038657,2
213,"0,02044293015","0,05792163543",Power forward,"0,875",0.87500000,0.02044293,"0,06641777519",0.06641778,0.05792164,"0,6312141861",0.63121419,3
208,"0,07062146893","0,03248587571",Power forward,"0,75",0.75000000,0.07062147,"0,2294446448",0.22944464,0.03248588,"0,3540222137",0.35402221,3
198,"0,1309109009","0,0219014435",Small forward,"0,5",0.50000000,0.13091090,"0,425321161",0.42532116,0.02190144,"0,2386759581",0.23867596,2
203,"0,1182692308","0,01794871795",Small forward,"0,625",0.62500000,0.11826923,"0,3842491817",0.38424918,0.01794872,"0,1956002331",0.19560023,2
203,"0,1138101664","0,008547008547",Small forward,"0,625",0.62500000,0.11381017,"0,3697619661",0.36976197,0.00854701,"0,09314296814",0.09314297,2
206,"0,001944579485","0,03305785124",Center,"0,7",0.70000000,0.00194458,"0,006317814624",0.00631781,0.03305785,"0,360255447",0.36025545,4
213,"0,001161440186","0,03484320557",Center,"0,875",0.87500000,0.00116144,"0,00377344503",0.00377345,0.03484321,"0,3797117516",0.37971175,4
193,"0,116416553","0,0147794452",Small forward,"0,375",0.37500000,0.11641655,"0,3782299498",0.37822995,0.01477945,"0,161062363",0.16106236,2
201,"0,03088480801","0,02337228715",Small forward,"0,575",0.57500000,0.03088481,"0,1003427698",0.10034277,0.02337229,"0,2547048111",0.25470481,2
203,"0,1449451888","0,02984165652",Power forward,"0,625",0.62500000,0.14494519,"0,4709176666",0.47091767,0.02984166,"0,3252062341",0.32520623,3
196,"0,1063829787","0,02659574468",Small forward,"0,45",0.45000000,0.10638298,"0,3456315074",0.34563151,0.02659574,"0,2898331721",0.28983317,2
196,"0,1500646831","0,02425614489",Shooting guard,"0,45",0.45000000,0.15006468,"0,4875505768",0.48755058,0.02425614,"0,2643368517",0.26433685,1
193,"0,1636948261","0,02543116048",Shooting guard,"0,375",0.37500000,0.16369483,"0,5318340414",0.53183404,0.02543116,"0,2771418511",0.27714185,1
211,"0,003418803419","0,05213675214",Center,"0,825",0.82500000,0.00341880,"0,01110747409",0.01110747,0.05213675,"0,5681721057",0.56817211,4
216,"0,0003611412062","0,06319971109",Center,"0,95",0.95000000,0.00036114,"0,001173324727",0.00117332,0.06319971,"0,6887332151",0.68873322,4
208,"0,005201560468","0,05461638492",Center,"0,75",0.75000000,0.00520156,"0,01689953795",0.01689954,0.05461638,"0,5951944675",0.59519447,4
196,"0,1621621622","0,00853485064",Shooting guard,"0,45",0.45000000,0.16216216,"0,5268545142",0.52685451,0.00853485,"0,09301047458",0.09301047,1
196,"0,08656716418","0,008955223881",Small forward,"0,45",0.45000000,0.08656716,"0,2812511908",0.28125119,0.00895522,"0,09759158752",0.09759159,2
206,"0,1039370079","0,004724409449",Power forward,"0,7",0.70000000,0.10393701,"0,3376847044",0.33768470,0.00472441,"0,0514853257",0.05148533,3
191,"0,08856872933","0,01133679735",Point guard,"0,325",0.32500000,0.08856873,"0,2877541483",0.28775415,0.01133680,"0,1235453257",0.12354533,0
213,"0,004724409449","0,04881889764",Center,"0,875",0.87500000,0.00472441,"0,01534930474",0.01534930,0.04881890,"0,5320150322",0.53201503,4
200,"0,1623616236",0,Shooting guard,"0,55",0.55000000,0.16236162,"0,5275025515",0.52750255,0.00000000,0,0.00000000,1
206,0,"0,01421800948",Center,"0,7",0.70000000,0.00000000,0,0.00000000,0.01421801,"0,1549439897",0.15494399,4
211,"0,004237288136","0,004237288136",Center,"0,825",0.82500000,0.00423729,"0,01376667869",0.01376668,0.00423729,"0,04617681048",0.04617681,4
210,"0,09712722298","0,008207934337",Power forward,"0,8",0.80000000,0.09712722,"0,3155601478",0.31556015,0.00820793,"0,08944782987",0.08944783,3
208,"0,0799407846","0,01702442635",Power forward,"0,75",0.75000000,0.07994078,"0,2597225065",0.25972251,0.01702443,"0,1855275553",0.18552756,3
196,"0,09021323127","0,006014215418",Point guard,"0,45",0.45000000,0.09021323,"0,2930970301",0.29309703,0.00601422,"0,06554127938",0.06554128,0
190,"0,2448210923",0,Shooting guard,"0,3",0.30000000,0.24482109,"0,795408102",0.79540810,0.00000000,0,0.00000000,1
193,"0,1510611735","0,002496878901",Shooting guard,"0,375",0.37500000,0.15106117,"0,4907881105",0.49078811,0.00249688,"0,02721030529",0.02721031,1
201,"0,1234413965","0,009975062344",Small forward,"0,575",0.57500000,0.12344140,"0,401053218",0.40105322,0.00997506,"0,1087055089",0.10870551,2
185,"0,2550831793",0,Point guard,"0,175",0.17500000,0.25508318,"0,8287489676",0.82874897,0.00000000,0,0.00000000,0
203,"0,08609271523","0,03145695364",Power forward,"0,625",0.62500000,0.08609272,"0,2797097365",0.27970974,0.03145695,"0,3428093016",0.34280930,3
181,"0,1570512821",0,Point guard,"0,075",0.07500000,0.15705128,"0,510249591",0.51024959,0.00000000,0,0.00000000,0
201,"0,1309125657","0,02962255136",Power forward,"0,575",0.57500000,0.13091257,"0,4253265698",0.42532657,0.02962255,"0,3228184858",0.32281849,3
180,"0,1435884934","0,001462701121",Point guard,"0,05",0.05000000,0.14358849,"0,4665098498",0.46650985,0.00146270,"0,0159401179",0.01594012,0
188,"0,1890999174","0,007707129094",Shooting guard,"0,25",0.25000000,0.18909992,"0,6143735614",0.61437356,0.00770713,"0,08399019092",0.08399019,1
208,"0,06012658228","0,0270745429",Power forward,"0,75",0.75000000,0.06012658,"0,195347428",0.19534743,0.02707454,"0,2950509845",0.29505098,3
183,"0,1514841351","0,006653019447",Point guard,"0,125",0.12500000,0.15148414,"0,4921622857",0.49216229,0.00665302,"0,07250279147",0.07250279,0
201,"0,168737966","0,006301417819",Small forward,"0,575",0.57500000,0.16873797,"0,548218881",0.54821888,0.00630142,"0,06867113282",0.06867113,2
203,"0,1674849973","0,01636661211",Small forward,"0,625",0.62500000,0.16748500,"0,5441480657",0.54414807,0.01636661,"0,1783588751",0.17835888,2
196,"0,121763471","0,01679496151",Shooting guard,"0,45",0.45000000,0.12176347,"0,3956017451",0.39560175,0.01679496,"0,1830269101",0.18302691,1
191,"0,1410992617","0,007793273175",Shooting guard,"0,325",0.32500000,0.14109926,"0,4584224949",0.45842249,0.00779327,"0,08492896562",0.08492897,1
183,"0,2055627988","0,01173402868",Point guard,"0,125",0.12500000,0.20556280,"0,6678604122",0.66786041,0.01173403,"0,1278742444",0.12787424,0
196,"0,07780320366","0,004576659039",Shooting guard,"0,45",0.45000000,0.07780320,"0,2527776425",0.25277764,0.00457666,"0,04987518203",0.04987518,1
185,"0,1195410807","0,0029607698",Point guard,"0,175",0.17500000,0.11954108,"0,3883813409",0.38838134,0.00296077,"0,0322656618",0.03226566,0
206,"0,06950269623","0,04493708808",Power forward,"0,7",0.70000000,0.06950270,"0,2258098237",0.22580982,0.04493709,"0,4897121303",0.48971213,3
203,"0,08960407502","0,01481824496",Power forward,"0,625",0.62500000,0.08960408,"0,2911179203",0.29111792,0.01481824,"0,1614851922",0.16148519,3
196,"0,2234042553","0,007092198582",Shooting guard,"0,45",0.45000000,0.22340426,"0,7258261656",0.72582617,0.00709220,"0,07728884591",0.07728885,1
211,"0,006076388889","0,04021990741",Center,"0,825",0.82500000,0.00607639,"0,01974179964",0.01974180,0.04021991,"0,4383055819",0.43830558,4
191,"0,1113689095","0,01856148492",Point guard,"0,325",0.32500000,0.11136891,"0,3618304783",0.36183048,0.01856148,"0,2022780004",0.20227800,0
198,"0,1490250696","0,01207056639",Small forward,"0,5",0.50000000,0.14902507,"0,4841729389",0.48417294,0.01207057,"0,1315417405",0.13154174,2
183,"0,206779661","0,006779661017",Point guard,"0,125",0.12500000,0.20677966,"0,6718139199",0.67181392,0.00677966,"0,07388289676",0.07388290,0
193,"0,1392070485","0,01233480176",Small forward,"0,375",0.37500000,0.13920705,"0,452274815",0.45227481,0.01233480,"0,1344213055",0.13442131,2
193,"0,06615497076","0,007675438596",Point guard,"0,375",0.37500000,0.06615497,"0,2149332773",0.21493328,0.00767544,"0,08364483651",0.08364484,0
191,"0,2777912917","0,01556798832",Shooting guard,"0,325",0.32500000,0.27779129,"0,9025261753",0.90252618,0.01556799,"0,1696556909",0.16965569,1
196,"0,2161234991","0,009719839909",Shooting guard,"0,45",0.45000000,0.21612350,"0,7021714534",0.70217145,0.00971984,"0,1059241645",0.10592416,1
201,"0,1875866852","0,00693481276",Power forward,"0,575",0.57500000,0.18758669,"0,6094571666",0.60945717,0.00693481,"0,07557369814",0.07557370,3
211,"0,007680491551","0,05222734255",Center,"0,825",0.82500000,0.00768049,"0,0249534268",0.02495343,0.05222734,"0,5691593353",0.56915934,4
201,"0,1860753221","0,01313181368",Shooting guard,"0,575",0.57500000,0.18607532,"0,6045468443",0.60454684,0.01313181,"0,1431069241",0.14310692,1
196,"0,2017495899","0,01148168398",Shooting guard,"0,45",0.45000000,0.20174959,"0,6554715399",0.65547154,0.01148168,"0,1251242606",0.12512426,1
196,"0,1740350877","0,01263157895",Shooting guard,"0,45",0.45000000,0.17403509,"0,5654288913",0.56542889,0.01263158,"0,1376555024",0.13765550,1
193,"0,2203622393","0,006037321625",Shooting guard,"0,375",0.37500000,0.22036224,"0,7159428498",0.71594285,0.00603732,"0,06579308452",0.06579308,1
198,"0,01646090535","0,01440329218",Power forward,"0,5",0.50000000,0.01646091,"0,05348043078",0.05348043,0.01440329,"0,15696315",0.15696315,3
203,"0,1694422416","0,009516256939",Small forward,"0,625",0.62500000,0.16944224,"0,5505070275",0.55050703,0.00951626,"0,1037055728",0.10370557,2
196,"0,09461663948","0,01223491028",Point guard,"0,45",0.45000000,0.09461664,"0,3074034223",0.30740342,0.01223491,"0,1333327154",0.13333272,0
201,"0,2383279045","0,00434310532",Small forward,"0,575",0.57500000,0.23832790,"0,7743121493",0.77431215,0.00434311,"0,04732997729",0.04732998,2
208,"0,1827057183","0,02580195258",Power forward,"0,75",0.75000000,0.18270572,"0,5935992167",0.59359922,0.02580195,"0,2811826423",0.28118264,3
201,"0,1370427615","0,03451828954",Small forward,"0,575",0.57500000,0.13704276,"0,4452431847",0.44524318,0.03451829,"0,3761709053",0.37617091,2
191,"0,07140332273","0,01272534464",Point guard,"0,325",0.32500000,0.07140332,"0,2319848379",0.23198484,0.01272534,"0,1386773353",0.13867734,0
191,"0,2063585517","0,004710038269",Point guard,"0,325",0.32500000,0.20635855,"0,6704457626",0.67044576,0.00471004,"0,0513287125",0.05132871,0
198,"0,09081419624","0,03305497564",Small forward,"0,5",0.50000000,0.09081420,"0,2950495269",0.29504953,0.03305498,"0,3602241095",0.36022411,2
203,"0,1357142857","0,0119047619",Small forward,"0,625",0.62500000,0.13571429,"0,4409270516",0.44092705,0.01190476,"0,1297348484",0.12973485,2
191,"0,2005899705","0,001966568338",Point guard,"0,325",0.32500000,0.20058997,"0,6517040105",0.65170401,0.00196657,"0,02143112541",0.02143113,0
191,"0,1645087586","0,01066260472",Shooting guard,"0,325",0.32500000,0.16450876,"0,5344784561",0.53447846,0.01066260,"0,1161981583",0.11619816,1
185,"0,1892510006","0,003430531732",Point guard,"0,175",0.17500000,0.18925100,"0,6148644211",0.61486442,0.00343053,"0,03738499921",0.03738500,0
193,"0,2123986398","0,00627779231",Shooting guard,"0,375",0.37500000,0.21239864,"0,6900696233",0.69006962,0.00627779,"0,06841366847",0.06841367,1
196,"0,1805555556","0,005167958656",Shooting guard,"0,45",0.45000000,0.18055556,"0,5866134753",0.58661348,0.00516796,"0,05631900399",0.05631900,1
201,"0,06332637439","0,009046624913",Small forward,"0,575",0.57500000,0.06332637,"0,2057433483",0.20574335,0.00904662,"0,09858765104",0.09858765,2
191,"0,1701116655","0,008315514374",Shooting guard,"0,325",0.32500000,0.17011167,"0,552681943",0.55268194,0.00831551,"0,09062020778",0.09062021,1
206,"0,1756548536","0,02157164869",Power forward,"0,7",0.70000000,0.17565485,"0,5706914073",0.57069141,0.02157165,"0,2350819442",0.23508194,3
196,"0,1825170217","0,007467603778",Shooting guard,"0,45",0.45000000,0.18251702,"0,5929861535",0.59298615,0.00746760,"0,08137990935",0.08137991,1
191,"0,1233552632","0,01233552632",Point guard,"0,325",0.32500000,0.12335526,"0,4007733764",0.40077338,0.01233553,"0,1344292016",0.13442920,0
201,"0,07805182641","0,03184514518",Small forward,"0,575",0.57500000,0.07805183,"0,253585402",0.25358540,0.03184515,"0,3470397071",0.34703971,2
203,"0,1395793499","0,03569152326",Small forward,"0,625",0.62500000,0.13957935,"0,4534843985",0.45348440,0.03569152,"0,3889564864",0.38895649,2
206,"0,05071521456","0,02340702211",Power forward,"0,7",0.70000000,0.05071521,"0,164770495",0.16477049,0.02340702,"0,2550833432",0.25508334,3
201,"0,1257391846","0,02956738251",Small forward,"0,575",0.57500000,0.12573918,"0,4085185848",0.40851858,0.02956738,"0,3222172707",0.32221727,2
206,"0,01817493374","0,02612646725",Power forward,"0,7",0.70000000,0.01817493,"0,05904919962",0.05904920,0.02612647,"0,2847191147",0.28471911,3
193,"0,1752010157","0,01354210749",Shooting guard,"0,375",0.37500000,0.17520102,"0,5692169169",0.56921692,0.01354211,"0,1475781941",0.14757819,1
218,"0,009324009324","0,02797202797",Center,1,1.00000000,0.00932401,"0,03029311114",0.03029311,0.02797203,"0,3048315321",0.30483153,4
201,"0,1219376392","0,01336302895",Small forward,"0,575",0.57500000,0.12193764,"0,3961676065",0.39616761,0.01336303,"0,145626645",0.14562665,2
203,"0,07446808511","0,02659574468",Small forward,"0,625",0.62500000,0.07446809,"0,2419420552",0.24194206,0.02659574,"0,2898331721",0.28983317,2
191,"0,121","0,002",Point guard,"0,325",0.32500000,0.12100000,"0,3931212766",0.39312128,0.00200000,"0,02179545454",0.02179545,0
208,"0,1500137627","0,02972749794",Small forward,"0,75",0.75000000,0.15001376,"0,4873851396",0.48738514,0.02972750,"0,323962165",0.32396217,2
196,"0,04989154013","0,006507592191",Point guard,"0,45",0.45000000,0.04989154,"0,1620944293",0.16209443,0.00650759,"0,0709179649",0.07091796,0
189,"0,1028730306",0,Point guard,"0,275",0.27500000,0.10287303,"0,33422791",0.33422791,0.00000000,0,0.00000000,0
211,"0,006993006993","0,01398601399",Center,"0,825",0.82500000,0.00699301,"0,02271983336",0.02271983,0.01398601,"0,1524157661",0.15241577,4
213,"0,04054054054","0,02702702703",Power forward,"0,875",0.87500000,0.04054054,"0,1317136285",0.13171363,0.02702703,"0,2945331696",0.29453317,3
198,"0,2155004182","0,01784220797",Shooting guard,"0,5",0.50000000,0.21550042,"0,7001471034",0.70014710,0.01784221,"0,1944395164",0.19443952,1
198,"0,08943089431",0,Shooting guard,"0,5",0.50000000,0.08943089,"0,2905552672",0.29055527,0.00000000,0,0.00000000,1
196,"0,2163299663","0,009259259259",Shooting guard,"0,45",0.45000000,0.21632997,"0,7028422522",0.70284225,0.00925926,"0,1009048821",0.10090488,1
206,"0,07881773399","0,008210180624",Power forward,"0,7",0.70000000,0.07881773,"0,2560737868",0.25607379,0.00821018,"0,0894723093",0.08947231,3
213,0,"0,03301886792",Power forward,"0,875",0.87500000,0.00000000,0,0.00000000,0.03301887,"0,3598306174",0.35983062,3
205,"0,06197183099","0,008450704225",Small forward,"0,675",0.67500000,0.06197183,"0,2013425232",0.20134252,0.00845070,"0,0920934699",0.09209347,2
196,"0,1198830409","0,002923976608",Point guard,"0,45",0.45000000,0.11988304,"0,3894923478",0.38949235,0.00292398,"0,03186469962",0.03186470,0
198,"0,07142857143","0,01298701299",Shooting guard,"0,5",0.50000000,0.07142857,"0,2320668693",0.23206687,0.01298701,"0,1415289256",0.14152893,1
198,"0,05248618785","0,002762430939",Small forward,"0,5",0.50000000,0.05248619,"0,1705242741",0.17052427,0.00276243,"0,03010421898",0.03010422,2
193,"0,02941176471","0,004201680672",Point guard,"0,375",0.37500000,0.02941176,"0,09555694619",0.09555695,0.00420168,"0,04578877005",0.04578877,0
192,"0,08333333333",0,Shooting guard,"0,35",0.35000000,0.08333333,"0,2707446808",0.27074468,0.00000000,0,0.00000000,1
206,"0,04484304933","0,03587443946",Power forward,"0,7",0.70000000,0.04484305,"0,1456922049",0.14569220,0.03587444,"0,3909498573",0.39094986,3
199,"0,1150442478","0,004424778761",Small forward,"0,525",0.52500000,0.11504425,"0,3737714178",0.37377142,0.00442478,"0,04822003218",0.04822003,2
213,"0,001730103806","0,05190311419",Center,"0,875",0.87500000,0.00173010,"0,005620996833",0.00562100,0.05190311,"0,565625983",0.56562598,4
206,"0,1189189189","0,01792318634",Small forward,"0,7",0.70000000,0.11891892,"0,3863599769",0.38635998,0.01792319,"0,1953219966",0.19532200,2
206,"0,05787116776","0,02824664141",Small forward,"0,7",0.70000000,0.05787117,"0,1880197301",0.18801973,0.02824664,"0,3078241944",0.30782419,2
196,"0,05944798301","0,01486199575",Small forward,"0,45",0.45000000,0.05944798,"0,1931427022",0.19314270,0.01486200,"0,1619619764",0.16196198,2
193,"0,2046556741","0,00824442289",Shooting guard,"0,375",0.37500000,0.20465567,"0,664913222",0.66491322,0.00824442,"0,08984547217",0.08984547,1
180,"0,1300940439","0,007836990596",Point guard,"0,05",0.05000000,0.13009404,"0,4226672447",0.42266724,0.00783699,"0,08540538615",0.08540539,0
206,"0,1358115569","0,01619433198",Power forward,"0,7",0.70000000,0.13581156,"0,4412430795",0.44124308,0.01619433,"0,1764814133",0.17648141,3
196,"0,08928571429","0,01636904762",Shooting guard,"0,45",0.45000000,0.08928571,"0,2900835866",0.29008359,0.01636905,"0,1783854167",0.17838542,1
203,"0,232950709","0,0175557056",Small forward,"0,625",0.62500000,0.23295071,"0,7568419843",0.75684198,0.01755571,"0,1913172917",0.19131729,2
201,"0,2025723473","0,00911039657",Shooting guard,"0,575",0.57500000,0.20257235,"0,6581446262",0.65814463,0.00911040,"0,09928261716",0.09928262,1
198,"0,11125","0,02",Point guard,"0,5",0.50000000,0.11125000,"0,3614441489",0.36144415,0.02000000,"0,2179545454",0.21795455,0
188,"0,1108866442","0,006285072952",Point guard,"0,25",0.25000000,0.11088664,"0,3602636291",0.36026363,0.00628507,"0,06849301092",0.06849301,0
188,"0,1124551971","0,02195340502",Point guard,"0,25",0.25000000,0.11245520,"0,3653597574",0.36535976,0.02195341,"0,2392422206",0.23924222,0
198,"0,1478910838","0,004805125467",Power forward,"0,5",0.50000000,0.14789108,"0,4804886914",0.48048869,0.00480513,"0,05236494685",0.05236495,3
201,"0,2641985696","0,01051745898",Shooting guard,"0,575",0.57500000,0.26419857,"0,8583642888",0.85836429,0.01051746,"0,1146163996",0.11461640,1
201,"0,137755102","0,01020408163",Shooting guard,"0,575",0.57500000,0.13775510,"0,4475575335",0.44755753,0.01020408,"0,1112012987",0.11120130,1
201,"0,05917159763","0,02958579882",Power forward,"0,575",0.57500000,0.05917160,"0,1922447438",0.19224474,0.02958580,"0,3224179667",0.32241797,3
191,"0,1400814792","0,006894390473",Shooting guard,"0,325",0.32500000,0.14008148,"0,4551157845",0.45511578,0.00689439,"0,07513318708",0.07513319,1
193,"0,07976653696","0,01556420233",Shooting guard,"0,375",0.37500000,0.07976654,"0,2591563871",0.25915639,0.01556420,"0,1696144322",0.16961443,1
185,"0,1411320755","0,007547169811",Point guard,"0,175",0.17500000,0.14113208,"0,4585291048",0.45852910,0.00754717,"0,08224699828",0.08224700,0
206,"0,1301518438","0,01084598698",Small forward,"0,7",0.70000000,0.13015184,"0,4228550329",0.42285503,0.01084599,"0,1181966081",0.11819661,2
198,"0,19497523","0,00601556971",Small forward,"0,5",0.50000000,0.19497523,"0,633462077",0.63346208,0.00601557,"0,06555603809",0.06555604,2
198,"0,2011952191","0,01792828685",Small forward,"0,5",0.50000000,0.20119522,"0,6536704246",0.65367042,0.01792829,"0,1953775806",0.19537758,2
185,"0,1699629172","0,02039555006",Point guard,"0,175",0.17500000,0.16996292,"0,5521986693",0.55219867,0.02039555,"0,2222651421",0.22226514,0
193,"0,2132132132","0,008258258258",Shooting guard,"0,375",0.37500000,0.21321321,"0,6927161203",0.69271612,0.00825826,"0,08999624624",0.08999625,1
203,"0,163242643","0,0183231538",Power forward,"0,625",0.62500000,0.16324264,"0,5303649273",0.53036493,0.01832315,"0,1996807329",0.19968073,3
196,"0,1336032389","0,02024291498",Small forward,"0,45",0.45000000,0.13360324,"0,4340683953",0.43406840,0.02024291,"0,2206017666",0.22060177,2
211,"0,008042895442","0,03016085791",Power forward,"0,825",0.82500000,0.00804290,"0,02613085391",0.02613085,0.03016086,"0,3286848038",0.32868480,3
180,"0,1594746717","0,009380863039",Point guard,"0,05",0.05000000,0.15947467,"0,5181230291",0.51812303,0.00938086,"0,102230087",0.10223009,0
188,"0,1308641975","0,01382716049",Point guard,"0,25",0.25000000,0.13086420,"0,4251694246",0.42516942,0.01382716,"0,150684624",0.15068462,0
198,"0,1763085399","0,01377410468",Small forward,"0,5",0.50000000,0.17630854,"0,5728151924",0.57281519,0.01377410,"0,1501064362",0.15010644,2
198,"0,1340206186","0,0206185567",Shooting guard,"0,5",0.50000000,0.13402062,"0,4354244353",0.43542444,0.02061856,"0,2246954077",0.22469541,1
180,"0,1918294849","0,01243339254",Point guard,"0,05",0.05000000,0.19182948,"0,623241752",0.62324175,0.01243339,"0,135495721",0.13549572,0
206,"0,007462686567","0,02798507463",Power forward,"0,7",0.70000000,0.00746269,"0,02424579231",0.02424579,0.02798507,"0,304973711",0.30497371,3
206,"0,02059496568","0,01830663616",Power forward,"0,7",0.70000000,0.02059497,"0,06691172892",0.06691173,0.01830664,"0,1995007281",0.19950073,3
196,"0,0679245283","0,01886792453",Shooting guard,"0,45",0.45000000,0.06792453,"0,2206824568",0.22068246,0.01886792,"0,2056174957",0.20561750,1
191,"0,1783549784","0,01601731602",Shooting guard,"0,325",0.32500000,0.17835498,"0,5794639404",0.57946394,0.01601732,"0,1745523416",0.17455234,1
193,"0,2279411765","0,003676470588",Shooting guard,"0,375",0.37500000,0.22794118,"0,740566333",0.74056633,0.00367647,"0,04006517379",0.04006517,1
203,"0,134156051","0,02746815287",Small forward,"0,625",0.62500000,0.13415605,"0,4358644465",0.43586445,0.02746815,"0,2993404387",0.29934044,2
191,"0,1452612932",0,Point guard,"0,325",0.32500000,0.14526129,"0,4719446696",0.47194467,0.00000000,0,0.00000000,0
198,"0,1772090777","0,007242877837",Small forward,"0,5",0.50000000,0.17720908,"0,5757409822",0.57574098,0.00724288,"0,07893090733",0.07893091,2
193,"0,1410810811","0,02054054054",Shooting guard,"0,375",0.37500000,0.14108108,"0,4583634273",0.45836343,0.02054054,"0,2238452088",0.22384521,1
198,"0,0282513395","0,01412566975",Small forward,"0,5",0.50000000,0.02825134,"0,09178679875",0.09178680,0.01412567,"0,1539376965",0.15393770,2
198,"0,1833426495","0,0145332588",Shooting guard,"0,5",0.50000000,0.18334265,"0,5956685655",0.59566857,0.01453326,"0,1583794908",0.15837949,1
191,"0,1327247191","0,009129213483",Point guard,"0,325",0.32500000,0.13272472,"0,4312141405",0.43121414,0.00912921,"0,09948767875",0.09948768,0
198,"0,180733945","0,006422018349",Small forward,"0,5",0.50000000,0.18073395,"0,5871930511",0.58719305,0.00642202,"0,0699854045",0.06998540,2
208,"0,07418252806","0,02781844802",Power forward,"0,75",0.75000000,0.07418253,"0,2410142986",0.24101430,0.02781845,"0,3031578597",0.30315786,3
191,"0,1263601264","0,002457002457",Point guard,"0,325",0.32500000,0.12636013,"0,4105359851",0.41053599,0.00245700,"0,02677574268",0.02677574,0
198,"0,1628709455","0,01311249137",Shooting guard,"0,5",0.50000000,0.16287095,"0,5291573059",0.52915731,0.01311249,"0,1428963548",0.14289635,1
193,"0,1895009416","0,008239171375",Shooting guard,"0,375",0.37500000,0.18950094,"0,6156764634",0.61567646,0.00823917,"0,08978824259",0.08978824,1
193,"0,1138923655","0,0112640801",Shooting guard,"0,375",0.37500000,0.11389237,"0,3700290258",0.37002903,0.01126408,"0,1227528729",0.12275287,1
185,"0,1304771178","0,01168451801",Point guard,"0,175",0.17500000,0.13047712,"0,4239118274",0.42391183,0.01168452,"0,1273346906",0.12733469,0
191,"0,193236715","0,0154589372",Point guard,"0,325",0.32500000,0.19323672,"0,6278137527",0.62781375,0.01545894,"0,1684672815",0.16846728,0
198,"0,1955555556","0,006222222222",Shooting guard,"0,5",0.50000000,0.19555556,"0,6353475178",0.63534752,0.00622222,"0,0678080808",0.06780808,1
191,"0,1137380192","0,002555910543",Point guard,"0,325",0.32500000,0.11373802,"0,3695275645",0.36952756,0.00255591,"0,02785361603",0.02785362,0
193,"0,2766061795","0,00637567435",Shooting guard,"0,375",0.37500000,0.27660618,"0,8986758214",0.89867582,0.00637567,"0,06948036024",0.06948036,1
203,"0,07346491228","0,01425438596",Power forward,"0,625",0.62500000,0.07346491,"0,2386828107",0.23868281,0.01425439,"0,1553404106",0.15534041,3
206,"0,01184730145","0,03159280386",Power forward,"0,7",0.70000000,0.01184730,"0,0384911262",0.03849113,0.03159280,"0,3442897602",0.34428976,3
211,0,"0,03301237964",Center,"0,825",0.82500000,0.00000000,0,0.00000000,0.03301238,"0,3597599099",0.35975991,4
198,"0,05173587474","0,03131381892",Small forward,"0,5",0.50000000,0.05173587,"0,1680865547",0.16808655,0.03131382,"0,3412494584",0.34124946,2
208,"0,2245098039","0,02647058824",Power forward,"0,75",0.75000000,0.22450980,"0,7294180224",0.72941802,0.02647059,"0,2884692514",0.28846925,3
216,"0,0009496676163","0,02943969611",Center,"0,95",0.95000000,0.00094967,"0,003085409468",0.00308541,0.02943970,"0,3208257792",0.32082578,4
211,"0,004028197382","0,01812688822",Center,"0,825",0.82500000,0.00402820,"0,01308735617",0.01308736,0.01812689,"0,1975418841",0.19754188,4
211,"0,1228813559","0,0593220339",Power forward,"0,825",0.82500000,0.12288136,"0,3992336818",0.39923368,0.05932203,"0,6464753467",0.64647535,3
188,"0,05055147059","0,006433823529",Point guard,"0,25",0.25000000,0.05055147,"0,1642385012",0.16423850,0.00643382,"0,07011405414",0.07011405,0
178,"0,1818958155","0,002561912895",Point guard,0,0.00000000,0.18189582,"0,5909678942",0.59096789,0.00256191,"0,02791902803",0.02791903,0
208,"0,2006802721",0,Small forward,"0,75",0.75000000,0.20068027,"0,6519973946",0.65199739,0.00000000,0,0.00000000,2
191,"0,2105263158",0,Shooting guard,"0,325",0.32500000,0.21052632,"0,6839865621",0.68398656,0.00000000,0,0.00000000,1
183,"0,1590909091",0,Point guard,"0,125",0.12500000,0.15909091,"0,5168762089",0.51687621,0.00000000,0,0.00000000,0
201,"0,159442141","0,009046362608",Small forward,"0,575",0.57500000,0.15944214,"0,5180173389",0.51801734,0.00904636,"0,09858479251",0.09858479,2
202,"0,1914893617","0,005319148936",Small forward,"0,6",0.60000000,0.19148936,"0,6221367134",0.62213671,0.00531915,"0,05796663443",0.05796663,2
198,"0,1077462544","0,03538412496",Small forward,"0,5",0.50000000,0.10774625,"0,3500607031",0.35006070,0.03538412,"0,3856065436",0.38560654,2
198,"0,2120161756","0,01328711727",Small forward,"0,5",0.50000000,0.21201618,"0,6888270215",0.68882702,0.01328712,"0,1447993802",0.14479938,2
183,"0,09242560866","0,004057709648",Point guard,"0,125",0.12500000,0.09242561,"0,300284903",0.30028490,0.00405771,"0,04421981309",0.04421981,0
203,"0,03407601573","0,03014416776",Power forward,"0,625",0.62500000,0.03407602,"0,1107108",0.11071080,0.03014417,"0,3285029191",0.32850292,3
191,"0,0797240322","0,01456496742",Point guard,"0,325",0.32500000,0.07972403,"0,2590182918",0.25901829,0.01456497,"0,1587250427",0.15872504,0
206,"0,07114624506","0,02239789196",Small forward,"0,7",0.70000000,0.07114625,"0,2311496089",0.23114961,0.02239789,"0,2440861181",0.24408612,2
206,"0,1413359148","0,01548886738",Small forward,"0,7",0.70000000,0.14133591,"0,4591913657",0.45919137,0.01548887,"0,1687934525",0.16879345,2
203,"0,08093994778","0,009138381201",Small forward,"0,625",0.62500000,0.08093995,"0,2629687239",0.26296872,0.00913838,"0,09958758604",0.09958759,2
198,"0,242169238","0,02431042543",Shooting guard,"0,5",0.50000000,0.24216924,"0,7867923966",0.78679240,0.02431043,"0,2649283862",0.26492839,1
201,"0,1735560589","0,01642129105",Small forward,"0,575",0.57500000,0.17355606,"0,5638725573",0.56387256,0.01642129,"0,1789547513",0.17895475,2
183,"0,09304635762","0,004635761589",Point guard,"0,125",0.12500000,0.09304636,"0,3023016768",0.30230168,0.00463576,"0,0505192655",0.05051927,0
208,"0,004484304933","0,03139013453",Center,"0,75",0.75000000,0.00448430,"0,01456922049",0.01456922,0.03139013,"0,3420811251",0.34208113,4
208,"0,1687022901","0,0213740458",Power forward,"0,75",0.75000000,0.16870229,"0,5481029723",0.54810297,0.02137405,"0,2329285218",0.23292852,3
198,"0,09133489461","0,018735363",Small forward,"0,5",0.50000000,0.09133489,"0,2967412427",0.29674124,0.01873536,"0,2041728763",0.20417288,2
213,0,"0,07894736842",Center,"0,875",0.87500000,0.00000000,0,0.00000000,0.07894737,"0,8603468899",0.86034689,4
198,"0,1343570058","0,01631477927",Shooting guard,"0,5",0.50000000,0.13435701,"0,4365173358",0.43651734,0.01631478,"0,177794015",0.17779401,1
195,"0,1666666667","0,01063829787",Shooting guard,"0,425",0.42500000,0.16666667,"0,5414893618",0.54148936,0.01063830,"0,1159332688",0.11593327,1
206,"0,001082251082","0,02543290043",Power forward,"0,7",0.70000000,0.00108225,"0,003516164685",0.00351616,0.02543290,"0,2771608126",0.27716081,3
196,"0,1718618366","0,0101095198",Shooting guard,"0,45",0.45000000,0.17186184,"0,5583681372",0.55836814,0.01010952,"0,1101707896",0.11017079,1
183,"0,09248170326","0,005988023952",Point guard,"0,125",0.12500000,0.09248170,"0,3004671508",0.30046715,0.00598802,"0,06525585193",0.06525585,0
196,"0,1100086281","0,01768766178",Point guard,"0,45",0.45000000,0.11000863,"0,3574110109",0.35741101,0.01768766,"0,1927553142",0.19275531,0
198,"0,21875","0,01041666667",Small forward,"0,5",0.50000000,0.21875000,"0,7107047872",0.71070479,0.01041667,"0,1135179925",0.11351799,2
191,"0,08804143126","0,01035781544",Point guard,"0,325",0.32500000,0.08804143,"0,2860409905",0.28604099,0.01035782,"0,1128766478",0.11287665,0
196,"0,1361815754","0,01201602136",Shooting guard,"0,45",0.45000000,0.13618158,"0,442445246",0.44244525,0.01201602,"0,1309473237",0.13094732,1
191,"0,251665433","0,0118430792",Shooting guard,"0,325",0.32500000,0.25166543,"0,817644928",0.81764493,0.01184308,"0,1290626472",0.12906265,1
213,"0,2662337662","0,02337662338",Power forward,"0,875",0.87500000,0.26623377,"0,8649765127",0.86497651,0.02337662,"0,2547520661",0.25475207,3
208,0,"0,09113924051",Center,"0,75",0.75000000,0.00000000,0,0.00000000,0.09113924,"0,9932105869",0.99321059,4
201,"0,2399035564","0,007836045811",Power forward,"0,575",0.57500000,0.23990356,"0,7794313417",0.77943134,0.00783605,"0,08539509014",0.08539509,3
198,"0,3077930583","0,01964636542",Shooting guard,"0,5",0.50000000,0.30779306,1,1.00000000,0.01964637,"0,2141007322",0.21410073,1
208,"0,02152080344","0,02008608321",Power forward,"0,75",0.75000000,0.02152080,"0,0699197167",0.06991972,0.02008608,"0,2188926568",0.21889266,3
201,"0,04289940828","0,02514792899",Power forward,"0,575",0.57500000,0.04289941,"0,1393774392",0.13937744,0.02514793,"0,2740552716",0.27405527,3
196,"0,07092198582","0,03546099291",Small forward,"0,45",0.45000000,0.07092199,"0,230421005",0.23042100,0.03546099,"0,3864442295",0.38644423,2
191,"0,1524105754","0,003110419907",Point guard,"0,325",0.32500000,0.15241058,"0,4951722311",0.49517223,0.00311042,"0,03389650785",0.03389651,0
211,"0,001388888889","0,04444444444",Power forward,"0,825",0.82500000,0.00138889,"0,004512411348",0.00451241,0.04444444,"0,4843434343",0.48434343,3
208,"0,159122085","0,05761316872",Power forward,"0,75",0.75000000,0.15912209,"0,5169774974",0.51697750,0.05761317,"0,6278526",0.62785260,3
198,"0,1050691244","0,01382488479",Shooting guard,"0,5",0.50000000,0.10506912,"0,3413628786",0.34136288,0.01382488,"0,150659824",0.15065982,1
185,"0,1003861004","0,01158301158",Point guard,"0,175",0.17500000,0.10038610,"0,3261480326",0.32614803,0.01158301,"0,1262285012",0.12622850,0
206,"0,02127659574","0,05673758865",Power forward,"0,7",0.70000000,0.02127660,"0,06912630148",0.06912630,0.05673759,"0,6183107672",0.61831077,3
191,"0,0303030303","0,006060606061",Point guard,"0,325",0.32500000,0.03030303,"0,0984526112",0.09845261,0.00606061,"0,06604683196",0.06604683,0
196,"0,1241084165","0,009272467903",Shooting guard,"0,45",0.45000000,0.12410842,"0,4032203234",0.40322032,0.00927247,"0,1010488263",0.10104883,1
213,"0,08674827036","0,04949441192",Power forward,"0,875",0.87500000,0.08674827,"0,2818395933",0.28183959,0.04949441,"0,5393766026",0.53937660,3
188,"0,1551724138","0,003978779841",Point guard,"0,25",0.25000000,0.15517241,"0,5041452678",0.50414527,0.00397878,"0,04335965758",0.04335966,0
196,"0,08829712684","0,02522775053",Shooting guard,"0,45",0.45000000,0.08829713,"0,2868717291",0.28687173,0.02522775,"0,274925145",0.27492514,1
193,"0,1243243243","0,01891891892",Point guard,"0,375",0.37500000,0.12432432,"0,403921794",0.40392179,0.01891892,"0,2061732187",0.20617322,0
196,"0,2010886968","0,003522254243",Shooting guard,"0,45",0.45000000,0.20108870,"0,6533243404",0.65332434,0.00352225,"0,03838456612",0.03838457,1
198,"0,1480920654","0,009993943065",Shooting guard,"0,5",0.50000000,0.14809207,"0,4811416678",0.48114167,0.00999394,"0,1089112659",0.10891127,1
196,"0,1526946108","0,008383233533",Shooting guard,"0,45",0.45000000,0.15269461,"0,496095044",0.49609504,0.00838323,"0,0913581927",0.09135819,1
208,"0,004893964111","0,009787928222",Center,"0,75",0.75000000,0.00489396,"0,01590017702",0.01590018,0.00978793,"0,1066661723",0.10666617,4
211,"0,008695652174","0,04347826087",Power forward,"0,825",0.82500000,0.00869565,"0,02825161887",0.02825162,0.04347826,"0,4738142292",0.47381423,3
211,"0,009322033898","0,02372881356",Center,"0,825",0.82500000,0.00932203,"0,03028669311",0.03028669,0.02372881,"0,2585901387",0.25859014,4
208,"0,02857142857","0,01038961039",Power forward,"0,75",0.75000000,0.02857143,"0,09282674771",0.09282675,0.01038961,"0,1132231405",0.11322314,3
213,0,"0,03832752613",Center,"0,875",0.87500000,0.00000000,0,0.00000000,0.03832753,"0,4176829268",0.41768293,4
201,"0,1409395973","0,03355704698",Power forward,"0,575",0.57500000,0.14093960,"0,4579037555",0.45790376,0.03355705,"0,3656955461",0.36569555,3
203,"0,1351351351",0,Power forward,"0,625",0.62500000,0.13513514,"0,4390454283",0.43904543,0.00000000,0,0.00000000,3
203,"0,1502860114","0,01716068643",Small forward,"0,625",0.62500000,0.15028601,"0,4882696583",0.48826966,0.01716069,"0,1870124805",0.18701248,2
202,"0,1130346232",0,Small forward,"0,6",0.60000000,0.11303462,"0,3672422758",0.36724228,0.00000000,0,0.00000000,2
198,"0,09620991254","0,0009718172983",Shooting guard,"0,5",0.50000000,0.09620991,"0,3125798648",0.31257986,0.00097182,"0,01059059988",0.01059060,1
191,"0,1250770179","0,006777572397",Point guard,"0,325",0.32500000,0.12507702,"0,4063672475",0.40636725,0.00677757,"0,07386013555",0.07386014,0
201,"0,1802469136","0,009053497942",Small forward,"0,575",0.57500000,0.18024691,"0,5856107171",0.58561072,0.00905350,"0,09866255143",0.09866255,2
198,"0,2296296296",0,Shooting guard,"0,5",0.50000000,0.22962963,"0,7460520093",0.74605201,0.00000000,0,0.00000000,1
211,"0,1712779974","0,02898550725",Power forward,"0,825",0.82500000,0.17127800,"0,5564712809",0.55647128,0.02898551,"0,3158761529",0.31587615,3
213,"0,006060606061","0,01818181818",Center,"0,875",0.87500000,0.00606061,"0,01969052224",0.01969052,0.01818182,"0,1981404958",0.19814050,4
193,"0,1307692308","0,01153846154",Shooting guard,"0,375",0.37500000,0.13076923,"0,4248608839",0.42486088,0.01153846,"0,125743007",0.12574301,1
206,"0,0662055336","0,004940711462",Power forward,"0,7",0.70000000,0.06620553,"0,2150975528",0.21509755,0.00494071,"0,05384252604",0.05384253,3
208,0,"0,01809954751",Center,"0,75",0.75000000,0.00000000,0,0.00000000,0.01809955,"0,1972439325",0.19724393,4
188,"0,2574257426","0,00396039604",Shooting guard,"0,25",0.25000000,0.25742574,"0,8363598062",0.83635981,0.00396040,"0,04315931593",0.04315932,1
188,"0,1795774648",0,Point guard,"0,25",0.25000000,0.17957746,"0,5834357207",0.58343572,0.00000000,0,0.00000000,0
213,0,"0,04166666667",Center,"0,875",0.87500000,0.00000000,0,0.00000000,0.04166667,"0,4540719697",0.45407197,4
190,"0,125","0,002155172414",Point guard,"0,3",0.30000000,0.12500000,"0,4061170213",0.40611702,0.00215517,"0,02348648119",0.02348648,0
206,"0,1946308725","0,01208053691",Power forward,"0,7",0.70000000,0.19463087,"0,6323432815",0.63234328,0.01208054,"0,1316503965",0.13165040,3
191,"0,1213872832",0,Point guard,"0,325",0.32500000,0.12138728,"0,394379535",0.39437953,0.00000000,0,0.00000000,0
185,"0,118694362","0,005934718101",Point guard,"0,175",0.17500000,0.11869436,"0,3856304059",0.38563041,0.00593472,"0,0646749393",0.06467494,0
196,"0,1535087719","0,002192982456",Point guard,"0,45",0.45000000,0.15350877,"0,4987402014",0.49874020,0.00219298,"0,02389852472",0.02389852,0
180,"0,2","0,003333333333",Point guard,"0,05",0.05000000,0.20000000,"0,649787234",0.64978723,0.00333333,"0,03632575757",0.03632576,0
193,"0,2169167804",0,Point guard,"0,375",0.37500000,0.21691678,"0,7047487737",0.70474877,0.00000000,0,0.00000000,0
201,"0,1292428198","0,001305483029",Small forward,"0,575",0.57500000,0.12924282,"0,419901672",0.41990167,0.00130548,"0,01422679801",0.01422680,2
203,"0,1275100402","0,008032128514",Power forward,"0,625",0.62500000,0.12751004,"0,4142719816",0.41427198,0.00803213,"0,08753194596",0.08753195,3
191,"0,214893617","0,008510638298",Shooting guard,"0,325",0.32500000,0.21489362,"0,698175645",0.69817564,0.00851064,"0,09274661508",0.09274662,1
193,"0,1953537487",0,Shooting guard,"0,375",0.37500000,0.19535375,"0,6346918601",0.63469186,0.00000000,0,0.00000000,1
201,"0,246969697","0,004545454545",Shooting guard,"0,575",0.57500000,0.24696970,"0,8023887815",0.80238878,0.00454545,"0,04953512396",0.04953512,1
196,"0,1207115629","0,01016518424",Shooting guard,"0,45",0.45000000,0.12071156,"0,3921841628",0.39218416,0.01016518,"0,1107774055",0.11077741,1
206,"0,08875739645","0,01380670611",Small forward,"0,7",0.70000000,0.08875740,"0,2883671157",0.28836712,0.01380671,"0,1504617177",0.15046172,2
201,"0,1196581197","0,0113960114",Small forward,"0,575",0.57500000,0.11965812,"0,3887615931",0.38876159,0.01139601,"0,1241906242",0.12419062,2
204,"0,1204410517","0,02374893978",Small forward,"0,65",0.65000000,0.12044105,"0,3913052892",0.39130529,0.02374894,"0,2588094687",0.25880947,2
178,"0,08316221766",0,Point guard,0,0.00000000,0.08316222,"0,2701887369",0.27018874,0.00000000,0,0.00000000,0
202,"0,06816421379","0,01704105345",Small forward,"0,6",0.60000000,0.06816421,"0,2214611797",0.22146118,0.01704105,"0,1857087529",0.18570875,2
191,"0,053125","0,003125",Shooting guard,"0,325",0.32500000,0.05312500,"0,172599734",0.17259973,0.00312500,"0,03405539773",0.03405540,1
206,0,"0,005649717514",Center,"0,7",0.70000000,0.00000000,0,0.00000000,0.00564972,"0,06156908063",0.06156908,4
199,"0,0641025641","0,002564102564",Shooting guard,"0,525",0.52500000,0.06410256,"0,2082651391",0.20826514,0.00256410,"0,02794289044",0.02794289,1
213,0,"0,008333333333",Center,"0,875",0.87500000,0.00000000,0,0.00000000,0.00833333,"0,09081439393",0.09081439,4
206,"0,07194244604","0,01438848921",Power forward,"0,7",0.70000000,0.07194245,"0,2337364151",0.23373642,0.01438849,"0,1568018313",0.15680183,3
211,0,0,Center,"0,825",0.82500000,0.00000000,0,0.00000000,0.00000000,0,0.00000000,4
211,"0,05555555556","0,01851851852",Power forward,"0,825",0.82500000,0.05555556,"0,1804964539",0.18049645,0.01851852,"0,2018097643",0.20180976,3
207,"0,06341463415","0,009756097561",Power forward,"0,725",0.72500000,0.06341463,"0,2060300986",0.20603010,0.00975610,"0,1063192905",0.10631929,3
201,"0,11","0,01",Small forward,"0,575",0.57500000,0.11000000,"0,3573829787",0.35738298,0.01000000,"0,1089772727",0.10897727,2
196,"0,06106870229",0,Small forward,"0,45",0.45000000,0.06106870,"0,1984083157",0.19840832,0.00000000,0,0.00000000,2
193,"0,04294478528","0,006134969325",Shooting guard,"0,375",0.37500000,0.04294479,"0,1395248662",0.13952487,0.00613497,"0,06685722253",0.06685722,1
196,"0,07751937984","0,007751937984",Shooting guard,"0,45",0.45000000,0.07751938,"0,251855517",0.25185552,0.00775194,"0,08447850598",0.08447851,1
180,"0,08661417323","0,007874015748",Point guard,"0,05",0.05000000,0.08661417,"0,2814039202",0.28140392,0.00787402,"0,08580887616",0.08580888,0
199,"0,05120167189","0,003134796238",Small forward,"0,525",0.52500000,0.05120167,"0,1663509638",0.16635096,0.00313480,"0,03416215446",0.03416215,2
185,"0,02521008403",0,Point guard,"0,175",0.17500000,0.02521008,"0,08190595385",0.08190595,0.00000000,0,0.00000000,0
186,"0,06532663317",0,Point guard,"0,2",0.20000000,0.06532663,"0,2122420614",0.21224206,0.00000000,0,0.00000000,0
203,"0,01652892562",0,Power forward,"0,625",0.62500000,0.01652893,"0,0537014243",0.05370142,0.00000000,0,0.00000000,3
198,"0,06709265176","0,003194888179",Shooting guard,"0,5",0.50000000,0.06709265,"0,217979743",0.21797974,0.00319489,"0,03481702004",0.03481702,1
203,"0,05586592179","0,03165735568",Power forward,"0,625",0.62500000,0.05586592,"0,181504814",0.18150481,0.03165736,"0,3449932284",0.34499323,3
208,"0,1327433628",0,Power forward,"0,75",0.75000000,0.13274336,"0,4312747127",0.43127471,0.00000000,0,0.00000000,3
198,"0,01030927835","0,0206185567",Power forward,"0,5",0.50000000,0.01030928,"0,03349418732",0.03349419,0.02061856,"0,2246954077",0.22469541,3
198,"0,06741573034","0,008828250401",Small forward,"0,5",0.50000000,0.06741573,"0,2190294047",0.21902940,0.00882825,"0,09620786516",0.09620787,2
206,"0,02280130293","0,0325732899",Power forward,"0,7",0.70000000,0.02280130,"0,07407997781",0.07407998,0.03257329,"0,3549748297",0.35497483,3
191,"0,1588310038",0,Shooting guard,"0,325",0.32500000,0.15883100,"0,5160317932",0.51603179,0.00000000,0,0.00000000,1
196,0,"0,03797468354",Power forward,"0,45",0.45000000,0.00000000,0,0.00000000,0.03797468,"0,4138377445",0.41383774,3
192,"0,1043478261",0,Point guard,"0,35",0.35000000,0.10434783,"0,3390194265",0.33901943,0.00000000,0,0.00000000,0
208,"0,06617647059","0,007352941176",Power forward,"0,75",0.75000000,0.06617647,"0,2150031289",0.21500313,0.00735294,"0,08013034759",0.08013035,3
201,"0,03582089552","0,01791044776",Small forward,"0,575",0.57500000,0.03582090,"0,1163798031",0.11637980,0.01791045,"0,195183175",0.19518318,2
206,"0,01923076923","0,01153846154",Power forward,"0,7",0.70000000,0.01923077,"0,06247954173",0.06247954,0.01153846,"0,125743007",0.12574301,3
194,"0,12",0,Shooting guard,"0,4",0.40000000,0.12000000,"0,3898723404",0.38987234,0.00000000,0,0.00000000,1
200,"0,05202312139","0,01445086705",Small forward,"0,55",0.55000000,0.05202312,"0,1690198008",0.16901980,0.01445087,"0,157481608",0.15748161,2
211,0,"0,007462686567",Center,"0,825",0.82500000,0.00000000,0,0.00000000,0.00746269,"0,08132632293",0.08132632,4
203,"0,07128309572","0,02036659878",Small forward,"0,625",0.62500000,0.07128310,"0,231594228",0.23159423,0.02036660,"0,221949639",0.22194964,2
189,"0,02136752137",0,Point guard,"0,275",0.27500000,0.02136752,"0,06942171304",0.06942171,0.00000000,0,0.00000000,0
188,"0,1632653061",0,Shooting guard,"0,25",0.25000000,0.16326531,"0,5304385583",0.53043856,0.00000000,0,0.00000000,1
203,"0,01666666667","0,03333333333",Power forward,"0,625",0.62500000,0.01666667,"0,05414893618",0.05414894,0.03333333,"0,3632575757",0.36325758,3
198,"0,127293578","0,003440366972",Shooting guard,"0,5",0.50000000,0.12729358,"0,4135687098",0.41356871,0.00344037,"0,03749218098",0.03749218,1
202,0,"0,005076142132",Small forward,"0,6",0.60000000,0.00000000,0,0.00000000,0.00507614,"0,05531841255",0.05531841,2
201,"0,08","0,016",Small forward,"0,575",0.57500000,0.08000000,"0,2599148936",0.25991489,0.01600000,"0,1743636364",0.17436364,2
194,"0,08633093525",0,Shooting guard,"0,4",0.40000000,0.08633094,"0,2804836981",0.28048370,0.00000000,0,0.00000000,1
191,"0,04666666667",0,Point guard,"0,325",0.32500000,0.04666667,"0,1516170213",0.15161702,0.00000000,0,0.00000000,0
216,0,"0,0626349892",Center,"0,95",0.95000000,0.00000000,0,0.00000000,0.06263499,"0,68257903",0.68257903,4
193,"0,1709401709","0,002442002442",Shooting guard,"0,375",0.37500000,0.17094017,"0,5553737042",0.55537370,0.00244200,"0,02661227661",0.02661228,1
206,"0,02545454545","0,04727272727",Power forward,"0,7",0.70000000,0.02545455,"0,0827001934",0.08270019,0.04727273,"0,5151652892",0.51516529,3
196,"0,07100591716","0,005917159763",Shooting guard,"0,45",0.45000000,0.07100592,"0,2306936925",0.23069369,0.00591716,"0,06448359332",0.06448359,1
188,"0,05714285714",0,Point guard,"0,25",0.25000000,0.05714286,"0,1856534954",0.18565350,0.00000000,0,0.00000000,0
210,0,"0,02083333333",Center,"0,8",0.80000000,0.00000000,0,0.00000000,0.02083333,"0,2270359848",0.22703598,4
191,"0,006944444444","0,006944444444",Point guard,"0,325",0.32500000,0.00694444,"0,02256205673",0.02256206,0.00694444,"0,07567866161",0.07567866,0
198,"0,03521126761","0,02112676056",Power Forward,"0,5",0.50000000,0.03521127,"0,1143991609",0.11439916,0.02112676,"0,2302336747",0.23023367,3
191,"0,02590673575",0,Shooting guard,"0,325",0.32500000,0.02590674,"0,08416933083",0.08416933,0.00000000,0,0.00000000,1
196,"0,01694915254","0,008474576271",Shooting guard,"0,45",0.45000000,0.01694915,"0,05506671474",0.05506671,0.00847458,"0,09235362095",0.09235362,1
203,"0,1378958121","0,01532175689",Small forward,"0,625",0.62500000,0.13789581,"0,4480146916",0.44801469,0.01532176,"0,1669723279",0.16697233,2
206,"0,06818181818","0,02272727273",Power forward,"0,7",0.70000000,0.06818182,"0,2215183752",0.22151838,0.02272727,"0,2476756199",0.24767562,3
206,"0,03812316716","0,00293255132",Power forward,"0,7",0.70000000,0.03812317,"0,1238597367",0.12385974,0.00293255,"0,0319581445",0.03195814,3
214,0,"0,01895734597",Center,"0,9",0.90000000,0.00000000,0,0.00000000,0.01895735,"0,2065919862",0.20659199,4
185,"0,1349206349","0,0119047619",Point guard,"0,175",0.17500000,0.13492063,"0,4383485308",0.43834853,0.01190476,"0,1297348484",0.12973485,0
194,"0,1383647799",0,Point guard,"0,4",0.40000000,0.13836478,"0,4495383381",0.44953834,0.00000000,0,0.00000000,0
203,"0,2566371681",0,Small forward,"0,625",0.62500000,0.25663717,"0,833797778",0.83379778,0.00000000,0,0.00000000,2
216,0,"0,02252252252",Center,"0,95",0.95000000,0.00000000,0,0.00000000,0.02252252,"0,2454443079",0.24544431,4
196,"0,1623376623","0,01298701299",Point guard,"0,45",0.45000000,0.16233766,"0,5274247028",0.52742470,0.01298701,"0,1415289256",0.14152893,0
206,"0,07086614173","0,007874015748",Power forward,"0,7",0.70000000,0.07086614,"0,2302395711",0.23023957,0.00787402,"0,08580887616",0.08580888,3
185,"0,04545454545",0,Point guard,"0,175",0.17500000,0.04545455,"0,1476789168",0.14767892,0.00000000,0,0.00000000,0
196,"0,07462686567",0,Shooting guard,"0,45",0.45000000,0.07462687,"0,2424579231",0.24245792,0.00000000,0,0.00000000,1
203,0,0,Power forward,"0,625",0.62500000,0.00000000,0,0.00000000,0.00000000,0,0.00000000,3
210,"0,08088235294","0,02205882353",Power forward,"0,8",0.80000000,0.08088235,"0,262781602",0.26278160,0.02205882,"0,2403910428",0.24039104,3
185,"0,06060606061",0,Point guard,"0,175",0.17500000,0.06060606,"0,1969052224",0.19690522,0.00000000,0,0.00000000,0
208,0,"0,0329531052",Center,"0,75",0.75000000,0.00000000,0,0.00000000,0.03295311,"0,3591139532",0.35911395,4
206,"0,1552511416","0,01141552511",Small forward,"0,7",0.70000000,0.15525114,"0,5044010494",0.50440105,0.01141553,"0,1244032793",0.12440328,2
191,"0,1987179487","0,01923076923",Point guard,"0,325",0.32500000,0.19871795,"0,6456219312",0.64562193,0.01923077,"0,2095716783",0.20957168,0
193,"0,06198347107","0,02066115702",Small forward,"0,375",0.37500000,0.06198347,"0,2013803411",0.20138034,0.02066116,"0,2251596543",0.22515965,2
206,"0,008510638298","0,02978723404",Small forward,"0,7",0.70000000,0.00851064,"0,0276505206",0.02765052,0.02978723,"0,3246131528",0.32461315,2
189,"0,1757493188",0,Point guard,"0,275",0.27500000,0.17574932,"0,5709983187",0.57099832,0.00000000,0,0.00000000,0
198,"0,1605415861","0,001934235977",Point guard,"0,5",0.50000000,0.16054159,"0,5215893659",0.52158937,0.00193424,"0,02107877616",0.02107878,0
203,0,"0,02234636872",Power forward,"0,625",0.62500000,0.00000000,0,0.00000000,0.02234637,"0,2435246318",0.24352463,3
188,"0,1185185185","0,01111111111",Point guard,"0,25",0.25000000,0.11851852,"0,3850591016",0.38505910,0.01111111,"0,1210858586",0.12108586,0
193,"0,2255639098","0,007518796992",Shooting guard,"0,375",0.37500000,0.22556391,"0,7328427452",0.73284275,0.00751880,"0,08193779903",0.08193780,1
198,"0,08323424495","0,008323424495",Small forward,"0,5",0.50000000,0.08323424,"0,270422749",0.27042275,0.00832342,"0,09070641012",0.09070641,2
203,"0,0778280543","0,007239819005",Power forward,"0,625",0.62500000,0.07782805,"0,2528583807",0.25285838,0.00723982,"0,07889757302",0.07889757,3
199,"0,1413703382",0,Small forward,"0,525",0.52500000,0.14137034,"0,4593032051",0.45930321,0.00000000,0,0.00000000,2
206,"0,1136842105","0,01473684211",Power forward,"0,7",0.70000000,0.11368421,"0,3693527435",0.36935274,0.01473684,"0,1605980862",0.16059809,3